"TANDIL BACKEND — API INDEX (each row = one unique API: METHOD + path; duplicates from Postman removed)",,,,,,,
,,,,,,,
"HOW TO USE THIS FILE",,,,,,,
"Sort or filter by column ""Audience"" for Client, Admin, Supervisor, etc. Use ""Postman root folder"" to jump to the same top folder in Postman.",,,,,,,
,,,,,,,
"WHERE EACH USER TYPE STARTS IN POSTMAN (folder numbers match tandil_backend.json)",,,,,,,
"Shared / entry","Folder ""1. Health Check - START HERE"" (health check first; wallet summaries listed here are shared across roles).",,,,,,,
"All roles","Folder ""2. Authentication"" (register, login, password, email verification).",,,,,,,
Client,"Folders ""3."" through ""8."" (profile, subscriptions, banners, visits, reports, shop & orders; payments under ""8."").",,,,,,,
Technician,"Folder ""9. Technician Dashboard – All APIs"".",,,,,,,
Supervisor,"Folder ""10. Supervisor Dashboard – All APIs"".",,,,,,,
"Area Manager","Folder ""11. Area Manager Dashboard – All APIs"".",,,,,,,
"HR Manager","Folder ""12. HR Manager Dashboard – All APIs"".",,,,,,,
Admin,"Folders ""13."" through ""16."" (stats & users, reports, support tickets, settings).",,,,,,,
"Cross-role / other","Folder ""17. Other Modules"" (e.g. notifications hub, shared utilities).",,,,,,,
,,,,,,,
"Sr. No.",Audience,"Postman root folder",Name,"Module (full path in Postman)",Methods,Endpoint,Status
1,"Shared — start here (health, debug, wallet hub under folder 1)","01. Health Check - START HERE","01. Health Check","01. Health Check - START HERE",GET,/api/health,Active
2,"Shared — start here (health, debug, wallet hub under folder 1)","01. Health Check - START HERE","02. Debug Performance","01. Health Check - START HERE",GET,/api/debug/performance,Active
,"--- Authentication — all roles (register, login, …) ---",,,,,,
3,"Authentication — all roles (register, login, …)","02. Dashboard","01. GET Technician – Dashboard","02. Dashboard",GET,/api/technician/dashboard,Active
,"--- Client — folders 3–8 in Postman (profile → shop) ---",,,,,,
4,"Client — folders 3–8 in Postman (profile → shop)","03. Dashboard","01. Dashboard - Summary","03. Dashboard",GET,/api/supervisor/dashboard/summary,Active
5,"Client — folders 3–8 in Postman (profile → shop)","03. Dashboard","02. Dashboard - KPIs","03. Dashboard",GET,/api/supervisor/dashboard/kpis,Active
6,"Client — folders 3–8 in Postman (profile → shop)","03. Dashboard","03. Dashboard - Alerts","03. Dashboard",GET,/api/supervisor/dashboard/alerts,Active
7,"Client — folders 3–8 in Postman (profile → shop)","04. Public (no auth)","01. List Products","04. Public (no auth)",GET,/api/shop/products,Active
8,"Client — folders 3–8 in Postman (profile → shop)","04. Public (no auth)","02. Featured Products","04. Public (no auth)",GET,/api/shop/products/featured,Active
9,"Client — folders 3–8 in Postman (profile → shop)","04. Public (no auth)","03. Get Product Details","04. Public (no auth)",GET,/api/shop/products/{{product_id}},Active
10,"Client — folders 3–8 in Postman (profile → shop)","04. Public (no auth)","05. Get Categories","04. Public (no auth)",GET,/api/shop/products/categories,Active
11,"Client — folders 3–8 in Postman (profile → shop)","04. Public (no auth)","06. Get Products by Category","04. Public (no auth)",GET,/api/shop/products/category/{{category_id}},Active
12,"Client — folders 3–8 in Postman (profile → shop)","05. Dashboard","01. Dashboard - Summary","05. Dashboard",GET,/api/area-manager/dashboard/summary,Active
13,"Client — folders 3–8 in Postman (profile → shop)","05. Dashboard","02. Dashboard - Alerts","05. Dashboard",GET,/api/area-manager/dashboard/alerts,Active
14,"Client — folders 3–8 in Postman (profile → shop)","05. Dashboard","03. Region Map","05. Dashboard",GET,/api/area-manager/region-map,Active
15,"Client — folders 3–8 in Postman (profile → shop)","06. Dashboard","01. Dashboard - Summary","06. Dashboard",GET,/api/hr/dashboard/summary,Active
16,"Client — folders 3–8 in Postman (profile → shop)","06. Dashboard","02. Dashboard - Visit Assignments","06. Dashboard",GET,/api/hr/dashboard/visit-assignments,Active
17,"Client — folders 3–8 in Postman (profile → shop)","07. Business Profile","01. Get profile","07. Business Profile",GET,/api/vendor/profile,Active
18,"Client — folders 3–8 in Postman (profile → shop)","07. Business Profile","02. Update profile","07. Business Profile",POST,/api/vendor/profile,Active
19,"Client — folders 3–8 in Postman (profile → shop)","08. Notifications – All roles (hub)","01. Delivery analytics","08. Notifications – All roles (hub) > 01. Admin – /api/admin/notifications",GET,/api/admin/notifications/delivery-stats,Active
20,"Client — folders 3–8 in Postman (profile → shop)","08. Notifications – All roles (hub)","02. Broadcast send","08. Notifications – All roles (hub) > 01. Admin – /api/admin/notifications",POST,/api/admin/notifications/broadcast,Active
21,"Client — folders 3–8 in Postman (profile → shop)","08. Notifications – All roles (hub)","03. Broadcasts list","08. Notifications – All roles (hub) > 01. Admin – /api/admin/notifications",GET,/api/admin/notifications/broadcasts,Active
22,"Client — folders 3–8 in Postman (profile → shop)","08. Notifications – All roles (hub)","04. Broadcast detail","08. Notifications – All roles (hub) > 01. Admin – /api/admin/notifications",GET,/api/admin/notifications/broadcasts/{{broadcast_id}},Active
23,"Client — folders 3–8 in Postman (profile → shop)","08. Notifications – All roles (hub)","05. Statics list (with filters)","08. Notifications – All roles (hub) > 01. Admin – /api/admin/notifications",GET,/api/admin/notifications,Active
24,"Client — folders 3–8 in Postman (profile → shop)","08. Notifications – All roles (hub)","06. Mark as read","08. Notifications – All roles (hub) > 01. Admin – /api/admin/notifications",POST,/api/admin/notifications/{{notification_id}}/mark-read,Active
25,"Client — folders 3–8 in Postman (profile → shop)","08. Notifications – All roles (hub)","07. Mark all as read","08. Notifications – All roles (hub) > 01. Admin – /api/admin/notifications",POST,/api/admin/notifications/mark-all-read,Active
26,"Client — folders 3–8 in Postman (profile → shop)","08. Notifications – All roles (hub)","08. Delete one","08. Notifications – All roles (hub) > 01. Admin – /api/admin/notifications",DELETE,/api/admin/notifications/{{notification_id}},Active
27,"Client — folders 3–8 in Postman (profile → shop)","08. Notifications – All roles (hub)","09. Clear all","08. Notifications – All roles (hub) > 01. Admin – /api/admin/notifications",POST,/api/admin/notifications/clear-all,Active
28,"Client — folders 3–8 in Postman (profile → shop)","08. Notifications – All roles (hub)","01. List","08. Notifications – All roles (hub) > 02. Vendor – /api/vendor/notifications",GET,/api/vendor/notifications,Active
29,"Client — folders 3–8 in Postman (profile → shop)","08. Notifications – All roles (hub)","02. Mark as read","08. Notifications – All roles (hub) > 02. Vendor – /api/vendor/notifications",POST,/api/vendor/notifications/{{notification_id}}/mark-read,Active
30,"Client — folders 3–8 in Postman (profile → shop)","08. Notifications – All roles (hub)","03. Clear all","08. Notifications – All roles (hub) > 02. Vendor – /api/vendor/notifications",POST,/api/vendor/notifications/clear-all,Active
,"--- Technician — folder 9 ---",,,,,,
31,"Technician — folder 9","09. Profile","01. GET Technician – Profile","09. Profile",GET,/api/technician/profile,Active
32,"Technician — folder 9","09. Profile","02. PUT Technician – Profile update","09. Profile",PUT,/api/technician/profile,Active
33,"Technician — folder 9","09. Profile","03. POST Technician – Profile update","09. Profile",POST,/api/technician/profile,Active
,"--- Supervisor — folder 10 ---",,,,,,
34,"Supervisor — folder 10","10. My Team","01. Areas - List (for service area)","10. My Team",GET,/api/supervisor/areas,Active
35,"Supervisor — folder 10","10. My Team","02. Team (My Team)","10. My Team",GET,/api/supervisor/team,Active
36,"Supervisor — folder 10","10. My Team","03. Team Stats","10. My Team",GET,/api/supervisor/team-stats,Active
37,"Supervisor — folder 10","10. My Team","04. Team Member - Detail (by id)","10. My Team",GET,/api/supervisor/team/{{member_id}},Active
38,"Supervisor — folder 10","10. My Team","05. Team Member - Update (POST form-data)","10. My Team",POST,/api/supervisor/team/{{member_id}},Active
39,"Supervisor — folder 10","10. My Team","06. Team Members - Bulk Update (POST form-data)","10. My Team",POST,/api/supervisor/team/update,Active
40,"Supervisor — folder 10","10. My Team","07. Technician Signup Requests (GET)","10. My Team",GET,/api/supervisor/technician-signup-requests,Active
41,"Supervisor — folder 10","10. My Team","08. Technician Signup Request - Confirm (POST)","10. My Team",POST,/api/supervisor/technician-signup-requests/{{request_id}}/confirm,Active
42,"Supervisor — folder 10","10. My Team","09. Technician Signup Request - Cancel (POST)","10. My Team",POST,/api/supervisor/technician-signup-requests/{{request_id}}/cancel,Active
,"--- Area Manager — folder 11 ---",,,,,,
43,"Area Manager — folder 11","11. Admin (Bearer token)","01. List Products","11. Admin (Bearer token)",GET,/api/admin/products,Active
44,"Area Manager — folder 11","11. Admin (Bearer token)","02. Add Product (Multipart – with image files)","11. Admin (Bearer token)",POST,/api/admin/products,Active
45,"Area Manager — folder 11","11. Admin (Bearer token)","05. Get Product Details","11. Admin (Bearer token)",GET,/api/admin/products/{{product_id}},Active
46,"Area Manager — folder 11","11. Admin (Bearer token)","06. Update Product (POST multipart – recommended)","11. Admin (Bearer token)",POST,/api/admin/products/{{product_id}},Active
47,"Area Manager — folder 11","11. Admin (Bearer token)","07. Update Product (PUT JSON – partial, no files)","11. Admin (Bearer token)",PUT,/api/admin/products/{{product_id}},Active
48,"Area Manager — folder 11","11. Admin (Bearer token)","08. Delete Product","11. Admin (Bearer token)",DELETE,/api/admin/products/{{product_id}},Active
49,"Area Manager — folder 11","11. Admin (Bearer token)","09. Toggle Status","11. Admin (Bearer token)",POST,/api/admin/products/{{product_id}}/toggle-status,Active
50,"Area Manager — folder 11","11. Admin (Bearer token)","10. Reorder Products (drag-and-drop)","11. Admin (Bearer token)",POST,/api/admin/products/reorder,Active
51,"Area Manager — folder 11","11. Admin (Bearer token)","11. Bulk Delete","11. Admin (Bearer token)",POST,/api/admin/products/bulk-delete,Active
52,"Area Manager — folder 11","11. Admin (Bearer token)","12. Bulk Update Status","11. Admin (Bearer token)",POST,/api/admin/products/bulk-update-status,Active
53,"Area Manager — folder 11","11. Admin (Bearer token)","13. Bulk Update Stock","11. Admin (Bearer token)",POST,/api/admin/products/bulk-update-stock,Active
,"--- HR Manager — folder 12 ---",,,,,,
54,"HR Manager — folder 12","12. Teams","01. Teams - List","12. Teams",GET,/api/area-manager/teams,Active
55,"HR Manager — folder 12","12. Teams","02. Teams - Detail","12. Teams",GET,/api/area-manager/teams/{{team_id}},Active
56,"HR Manager — folder 12","12. Teams","03. Teams - Jobs","12. Teams",GET,/api/area-manager/teams/{{team_id}}/jobs,Active
57,"HR Manager — folder 12","12. Teams","04. Teams - Members","12. Teams",GET,/api/area-manager/teams/{{team_id}}/members,Active
58,"HR Manager — folder 12","12. Teams","05. Teams - Member Jobs","12. Teams",GET,/api/area-manager/teams/members/{{member_id}}/jobs,Active
,"--- Admin — folders 13–16 in Postman ---",,,,,,
59,"Admin — folders 13–16 in Postman","13. Employees","01. Positions - List","13. Employees",GET,/api/hr/positions,Active
60,"Admin — folders 13–16 in Postman","13. Employees","02. Employees - List","13. Employees",GET,/api/hr/employees,Active
61,"Admin — folders 13–16 in Postman","13. Employees","03. Employees - Create","13. Employees",POST,/api/hr/employees,Active
62,"Admin — folders 13–16 in Postman","13. Employees","04. Employees - Show","13. Employees",GET,/api/hr/employees/{{employee_id}},Active
63,"Admin — folders 13–16 in Postman","13. Employees","05. Employees - Update","13. Employees",PUT,/api/hr/employees/{{employee_id}},Active
64,"Admin — folders 13–16 in Postman","13. Employees","06. Employees - Delete","13. Employees",DELETE,/api/hr/employees/{{employee_id}},Active
65,"Admin — folders 13–16 in Postman","14. Application & Onboarding","01. Get application status","14. Application & Onboarding",GET,/api/vendor/application,Active
66,"Admin — folders 13–16 in Postman","14. Application & Onboarding","02. Submit for approval","14. Application & Onboarding",POST,/api/vendor/application/submit,Active
67,"Admin — folders 13–16 in Postman","14. Application & Onboarding","03. Resubmit (after rejection)","14. Application & Onboarding",POST,/api/vendor/application/resubmit,Active
68,"Admin — folders 13–16 in Postman","15. Authentication","01. Register","15. Authentication > 01. Client",POST,/api/auth/register,Active
69,"Admin — folders 13–16 in Postman","15. Authentication","02. App roles (login picker)","15. Authentication > 01. Client",GET,/api/auth/app-roles,Active
70,"Admin — folders 13–16 in Postman","15. Authentication","03. Login","15. Authentication > 01. Client",POST,/api/auth/login,Active
71,"Admin — folders 13–16 in Postman","15. Authentication","04. Delete Account (POST)","15. Authentication > 01. Client",POST,/api/auth/delete-account,Active
72,"Admin — folders 13–16 in Postman","15. Authentication","05. Google sign-in (client)","15. Authentication > 01. Client",POST,/api/auth/google,Active
73,"Admin — folders 13–16 in Postman","15. Authentication","06. Apple sign-in (client)","15. Authentication > 01. Client",POST,/api/auth/apple,Active
74,"Admin — folders 13–16 in Postman","15. Authentication","01. Technician signup - List areas (GET)","15. Authentication > 02. Technician",GET,/api/auth/technician-signup-areas,Active
75,"Admin — folders 13–16 in Postman","15. Authentication","02. Register Technician","15. Authentication > 02. Technician",POST,/api/auth/register-technician,Active
76,"Admin — folders 13–16 in Postman","15. Authentication","01. Registration options (contractor dropdowns)","15. Authentication > 03. Contractor",GET,/api/contractor/auth/registration-options,Active
77,"Admin — folders 13–16 in Postman","15. Authentication","02. Register Contractor (supervisor – multipart)","15. Authentication > 03. Contractor",POST,/api/contractor/auth/register,Active
78,"Admin — folders 13–16 in Postman","15. Authentication","03. Login Contractor (supervisor role)","15. Authentication > 03. Contractor",POST,/api/contractor/auth/login,Active
79,"Admin — folders 13–16 in Postman","15. Authentication","01. Registration options (vendor types & emirates)","15. Authentication > 04. Vendor",GET,/api/vendor/auth/registration-options,Active
80,"Admin — folders 13–16 in Postman","15. Authentication","02. Register Vendor (form-data – full signup)","15. Authentication > 04. Vendor",POST,/api/vendor/auth/register,Active
81,"Admin — folders 13–16 in Postman","15. Authentication","03. Login Vendor","15. Authentication > 04. Vendor",POST,/api/vendor/auth/login,Active
82,"Admin — folders 13–16 in Postman","15. Authentication","04. Validate vendor token (auth/me)","15. Authentication > 04. Vendor",GET,/api/vendor/auth/me,Active
83,"Admin — folders 13–16 in Postman","15. Authentication","05. Logout Vendor","15. Authentication > 04. Vendor",POST,/api/vendor/auth/logout,Active
84,"Admin — folders 13–16 in Postman","16. Visits & Tasks","01. Technician - Get Assigned Visits","16. Visits & Tasks",GET,/api/tech/visits,Active
85,"Admin — folders 13–16 in Postman","16. Visits & Tasks","02. Technician - Accept Visit","16. Visits & Tasks",POST,/api/tech/visits/{{visit_id}}/accept,Active
86,"Admin — folders 13–16 in Postman","16. Visits & Tasks","03. Technician - Start Visit","16. Visits & Tasks",POST,/api/tech/visits/{{visit_id}}/start,Active
87,"Admin — folders 13–16 in Postman","16. Visits & Tasks","04. Technician - Complete Visit","16. Visits & Tasks",POST,/api/tech/visits/{{visit_id}}/complete,Active
88,"Admin — folders 13–16 in Postman","16. Visits & Tasks","05. GET Technician – Tasks list","16. Visits & Tasks",GET,/api/technician/tasks,Active
89,"Admin — folders 13–16 in Postman","16. Visits & Tasks","06. GET Technician – Task by ID","16. Visits & Tasks",GET,/api/technician/tasks/{{visit_id}},Active
90,"Admin — folders 13–16 in Postman","16. Visits & Tasks","07. GET Technician – Task details","16. Visits & Tasks",GET,/api/technician/tasks/{{visit_id}}/detail,Active
91,"Admin — folders 13–16 in Postman","16. Visits & Tasks","08. PUT Technician – Task status","16. Visits & Tasks",PUT,/api/technician/tasks/{{visit_id}}/status,Active
92,"Admin — folders 13–16 in Postman","16. Visits & Tasks","09. POST Technician – Task accept","16. Visits & Tasks",POST,/api/technician/tasks/{{visit_id}}/accept,Active
93,"Admin — folders 13–16 in Postman","16. Visits & Tasks","10. POST Technician – Task reject","16. Visits & Tasks",POST,/api/technician/tasks/{{visit_id}}/reject,Active
94,"Admin — folders 13–16 in Postman","16. Visits & Tasks","11. GET Technician – Jobs history","16. Visits & Tasks",GET,/api/technician/jobs,Active
95,"Admin — folders 13–16 in Postman","16. Visits & Tasks","12. GET Technician – Jobs (accepted)","16. Visits & Tasks",GET,/api/technician/jobs/accepted,Active
96,"Admin — folders 13–16 in Postman","16. Visits & Tasks","13. GET Technician – Jobs (rejected)","16. Visits & Tasks",GET,/api/technician/jobs/rejected,Active
97,"Admin — folders 13–16 in Postman","16. Visits & Tasks","14. GET Technician – Jobs status counts","16. Visits & Tasks",GET,/api/technician/jobs/status-counts,Active
,"--- Cross-role / other modules — folder 17 ---",,,,,,
98,"Cross-role / other modules — folder 17","17. Assign Tasks","01. Assignments - List","17. Assign Tasks",GET,/api/supervisor/assignments,Active
99,"Cross-role / other modules — folder 17","17. Assign Tasks","02. Assignments - New Jobs (GET)","17. Assign Tasks",GET,/api/supervisor/assignments/new,Active
100,"Cross-role / other modules — folder 17","17. Assign Tasks","03. Assignments - One detail (GET)","17. Assign Tasks",GET,/api/supervisor/assignments/{{visit_id}},Active
101,"Cross-role / other modules — folder 17","17. Assign Tasks","04. Assignments - Claim job (POST)","17. Assign Tasks",POST,/api/supervisor/assignments/{{visit_id}}/claim,Active
102,"Cross-role / other modules — folder 17","17. Assign Tasks","05. Assignments - Reject job (POST)","17. Assign Tasks",POST,/api/supervisor/assignments/{{visit_id}}/reject,Active
103,"Cross-role / other modules — folder 17","17. Assign Tasks","06. Assign tasks page (team + tasks)","17. Assign Tasks",GET,/api/supervisor/assign-tasks,Active
104,"Cross-role / other modules — folder 17","17. Assign Tasks","07. Assignments - Assign task (POST form-data)","17. Assign Tasks",POST,/api/supervisor/assignments/{{visit_id}},Active
105,"Cross-role / other modules — folder 17","17. Assign Tasks","09. Assignments - Reassign (POST form-data)","17. Assign Tasks",POST,/api/supervisor/assignments/{{visit_id}}/reassign,Active
,"--- Other / ungrouped ---",,,,,,
106,"Other / ungrouped","18. Analytics","01. Analytics","18. Analytics",GET,/api/area-manager/analytics,Active
107,"Other / ungrouped","19. Leave Requests","01. Leave Requests - Create","19. Leave Requests",POST,/api/hr/leave-requests,Active
108,"Other / ungrouped","19. Leave Requests","02. Leave Requests - List","19. Leave Requests",GET,/api/hr/leave-requests,Active
109,"Other / ungrouped","19. Leave Requests","03. Leave Requests - Show","19. Leave Requests",GET,/api/hr/leave-requests/{{leave_request_id}},Active
110,"Other / ungrouped","19. Leave Requests","04. Leave Requests - Approve","19. Leave Requests",POST,/api/hr/leave-requests/{{leave_request_id}}/approve,Active
111,"Other / ungrouped","19. Leave Requests","05. Leave Requests - Reject","19. Leave Requests",POST,/api/hr/leave-requests/{{leave_request_id}}/reject,Active
112,"Other / ungrouped","20. Documents","01. List documents","20. Documents",GET,/api/vendor/documents,Active
113,"Other / ungrouped","20. Documents","02. Upload document (multipart)","20. Documents",POST,/api/vendor/documents,Active
114,"Other / ungrouped","20. Documents","03. Delete document","20. Documents",DELETE,/api/vendor/documents/{{vendor_document_id}},Active
115,"Other / ungrouped","21. Client Dashboard","01. Get Profile","21. Client Dashboard > 01. Auth & Account",GET,/api/auth/profile,Active
116,"Other / ungrouped","21. Client Dashboard","02. Logout","21. Client Dashboard > 01. Auth & Account",POST,/api/auth/logout,Active
117,"Other / ungrouped","21. Client Dashboard","04. Delete Account (DELETE alias)","21. Client Dashboard > 01. Auth & Account",DELETE,/api/user/account,Active
118,"Other / ungrouped","21. Client Dashboard","05. Forgot Password","21. Client Dashboard > 01. Auth & Account",POST,/api/auth/forgot-password,Active
119,"Other / ungrouped","21. Client Dashboard","06. Verify OTP","21. Client Dashboard > 01. Auth & Account",POST,/api/auth/verify-otp,Active
120,"Other / ungrouped","21. Client Dashboard","07. Reset Password","21. Client Dashboard > 01. Auth & Account",POST,/api/auth/reset-password,Active
121,"Other / ungrouped","21. Client Dashboard","01. Profile sections index (GET)","21. Client Dashboard > 02. Dashboard & Memberships",GET,/api/client/settings/sections,Active
122,"Other / ungrouped","21. Client Dashboard","02. Dashboard settings (GET)","21. Client Dashboard > 02. Dashboard & Memberships",GET,/api/client/settings/dashboard,Active
123,"Other / ungrouped","21. Client Dashboard","03. Memberships (GET)","21. Client Dashboard > 02. Dashboard & Memberships",GET,/api/client/memberships,Active
124,"Other / ungrouped","21. Client Dashboard","01. Personal Information – Get (GET)","21. Client Dashboard > 03. Personal Information",GET,/api/user/profile,Active
125,"Other / ungrouped","21. Client Dashboard","02. Personal Information – Update (PUT/POST)","21. Client Dashboard > 03. Personal Information",POST,/api/user/profile,Active
126,"Other / ungrouped","21. Client Dashboard","03. Update Phone Number Only (PUT/POST) – after Google/Apple signup","21. Client Dashboard > 03. Personal Information",PUT,/api/user/phone,Active
127,"Other / ungrouped","21. Client Dashboard","01. Addresses – List (GET)","21. Client Dashboard > 04. Addresses",GET,/api/user/addresses,Active
128,"Other / ungrouped","21. Client Dashboard","02. Addresses – Create (POST)","21. Client Dashboard > 04. Addresses",POST,/api/user/addresses,Active
129,"Other / ungrouped","21. Client Dashboard","03. Addresses – Update (PUT)","21. Client Dashboard > 04. Addresses",PUT,/api/user/addresses/{{address_id}},Active
130,"Other / ungrouped","21. Client Dashboard","04. Addresses – Delete (DELETE)","21. Client Dashboard > 04. Addresses",DELETE,/api/user/addresses/{{address_id}},Active
131,"Other / ungrouped","21. Client Dashboard","01. Payment Methods (GET)","21. Client Dashboard > 05. Payment Methods & Wallet > 01. Wallet & Payment Methods",GET,/api/user/payment-methods,Active
132,"Other / ungrouped","21. Client Dashboard","02. Wallet summary (GET)","21. Client Dashboard > 05. Payment Methods & Wallet > 01. Wallet & Payment Methods",GET,/api/user/wallet,Active
133,"Other / ungrouped","21. Client Dashboard","03. Wallet credits list (GET)","21. Client Dashboard > 05. Payment Methods & Wallet > 01. Wallet & Payment Methods",GET,/api/user/wallet/credits,Active
134,"Other / ungrouped","21. Client Dashboard","01. Options (GET)","21. Client Dashboard > 05. Payment Methods & Wallet > 02. Add Money",GET,/api/client/wallet/add-money,Active
135,"Other / ungrouped","21. Client Dashboard","02. Payment Intent - Stripe (POST)","21. Client Dashboard > 05. Payment Methods & Wallet > 02. Add Money",POST,/api/client/wallet/add-money/payment-intent,Active
136,"Other / ungrouped","21. Client Dashboard","04. Confirm (POST)","21. Client Dashboard > 05. Payment Methods & Wallet > 02. Add Money",POST,/api/client/wallet/add-money/confirm,Active
137,"Other / ungrouped","21. Client Dashboard","01. Notifications (GET)","21. Client Dashboard > 06. Notifications > 01. Notifications APIs",GET,/api/user/notifications,Active
138,"Other / ungrouped","21. Client Dashboard","02. Notifications – Clear All (POST)","21. Client Dashboard > 06. Notifications > 01. Notifications APIs",POST,/api/user/notifications/clear-all,Active
139,"Other / ungrouped","21. Client Dashboard","01. Notifications - Statics list (with filters)","21. Client Dashboard > 06. Notifications > 02. Client notifications (/api/client/notifications)",GET,/api/client/notifications,Active
140,"Other / ungrouped","21. Client Dashboard","02. Notifications - Mark as Read","21. Client Dashboard > 06. Notifications > 02. Client notifications (/api/client/notifications)",POST,/api/client/notifications/{{notification_id}}/mark-read,Active
141,"Other / ungrouped","21. Client Dashboard","03. Notifications - Mark All as Read","21. Client Dashboard > 06. Notifications > 02. Client notifications (/api/client/notifications)",POST,/api/client/notifications/mark-all-read,Active
142,"Other / ungrouped","21. Client Dashboard","04. Notifications - Delete","21. Client Dashboard > 06. Notifications > 02. Client notifications (/api/client/notifications)",DELETE,/api/client/notifications/{{notification_id}},Active
143,"Other / ungrouped","21. Client Dashboard","05. Notifications - Clear All","21. Client Dashboard > 06. Notifications > 02. Client notifications (/api/client/notifications)",POST,/api/client/notifications/clear-all,Active
144,"Other / ungrouped","21. Client Dashboard","01. Get Loyalty Screen (GET)","21. Client Dashboard > 07. Loyalty Points",GET,/api/client/loyalty,Active
145,"Other / ungrouped","21. Client Dashboard","02. Get Loyalty Campaigns (GET)","21. Client Dashboard > 07. Loyalty Points",GET,/api/client/loyalty/campaigns,Active
146,"Other / ungrouped","21. Client Dashboard","03. Get Loyalty (alias GET)","21. Client Dashboard > 07. Loyalty Points",GET,/api/user/loyalty,Active
147,"Other / ungrouped","21. Client Dashboard","04. Redeem Reward (POST)","21. Client Dashboard > 07. Loyalty Points",POST,/api/client/loyalty/rewards/{{reward_id}}/redeem,Active
148,"Other / ungrouped","21. Client Dashboard","01. Help and Support – Help Center (GET)","21. Client Dashboard > 08. Help & Support",GET,/api/support/help-center,Active
149,"Other / ungrouped","21. Client Dashboard","02. Help and Support – Submit ticket (POST)","21. Client Dashboard > 08. Help & Support",POST,/api/support/tickets,Active
150,"Other / ungrouped","21. Client Dashboard","03. Help and Support – List my tickets (GET)","21. Client Dashboard > 08. Help & Support",GET,/api/support/tickets,Active
151,"Other / ungrouped","21. Client Dashboard","04. Help and Support – Get ticket by ID (GET)","21. Client Dashboard > 08. Help & Support",GET,/api/support/tickets/{{ticket_id}},Active
152,"Other / ungrouped","21. Client Dashboard","05. Help and Support – Reply to my ticket (POST)","21. Client Dashboard > 08. Help & Support",POST,/api/support/tickets/{{ticket_id}}/reply,Active
153,"Other / ungrouped","21. Client Dashboard","01. Contact Us","21. Client Dashboard > 09. Legal & Contact",GET,/api/client/contact-us,Active
154,"Other / ungrouped","21. Client Dashboard","02. Terms & Conditions","21. Client Dashboard > 09. Legal & Contact",GET,/api/client/terms-and-conditions,Active
155,"Other / ungrouped","21. Client Dashboard","03. Privacy Policy","21. Client Dashboard > 09. Legal & Contact",GET,/api/client/privacy-policy,Active
156,"Other / ungrouped","21. Client Dashboard","01. Membership Screen (Active + Upgrade Plans + Your Memberships)","21. Client Dashboard > 10. Subscriptions",GET,/api/client/memberships/screen,Active
157,"Other / ungrouped","21. Client Dashboard","02. List My Memberships","21. Client Dashboard > 10. Subscriptions",GET,/api/subscriptions,Active
158,"Other / ungrouped","21. Client Dashboard","03. Get Membership Details","21. Client Dashboard > 10. Subscriptions",GET,/api/subscriptions/{{subscription_id}},Active
159,"Other / ungrouped","21. Client Dashboard","04. Get Upgrade Options","21. Client Dashboard > 10. Subscriptions",GET,/api/client/memberships/{{subscription_id}}/upgrade-options,Active
160,"Other / ungrouped","21. Client Dashboard","05. Renew – Create Payment Intent","21. Client Dashboard > 10. Subscriptions",POST,/api/client/memberships/{{subscription_id}}/renew/payment-intent,Active
161,"Other / ungrouped","21. Client Dashboard","06. Upgrade – Create Payment Intent","21. Client Dashboard > 10. Subscriptions",POST,/api/client/memberships/{{subscription_id}}/upgrade/payment-intent,Active
162,"Other / ungrouped","21. Client Dashboard","07. Confirm Membership Payment","21. Client Dashboard > 10. Subscriptions",POST,/api/client/memberships/payment/confirm,Active
163,"Other / ungrouped","21. Client Dashboard","01. Get Active Banners","21. Client Dashboard > 11. Banners (Public)",GET,/api/banners,Active
164,"Other / ungrouped","21. Client Dashboard","01. Get Active Video Banners","21. Client Dashboard > 12. Video Banner (Public)",GET,/api/video-banners,Active
165,"Other / ungrouped","21. Client Dashboard","01. List Packages","21. Client Dashboard > 13. Packages (Public)",GET,/api/packages,Active
166,"Other / ungrouped","21. Client Dashboard","01. List Visits","21. Client Dashboard > 14. Visits",GET,/api/visits,Active
167,"Other / ungrouped","21. Client Dashboard","02. Get Available Slots","21. Client Dashboard > 14. Visits",GET,/api/visits/available-slots,Active
168,"Other / ungrouped","21. Client Dashboard","03. List Areas (for visit creation)","21. Client Dashboard > 14. Visits",GET,/api/visits/areas,Active
169,"Other / ungrouped","21. Client Dashboard","04. Resolve Area from Location","21. Client Dashboard > 14. Visits",POST,/api/visits/resolve-area,Active
170,"Other / ungrouped","21. Client Dashboard","05. Get Visit Details","21. Client Dashboard > 14. Visits",GET,/api/visits/{{visit_id}},Active
171,"Other / ungrouped","21. Client Dashboard","06. Create Visit","21. Client Dashboard > 14. Visits",POST,/api/visits,Active
172,"Other / ungrouped","21. Client Dashboard","07. Update Visit","21. Client Dashboard > 14. Visits",PUT,/api/visits/{{visit_id}},Active
173,"Other / ungrouped","21. Client Dashboard","01. List Reports","21. Client Dashboard > 15. Reports",GET,/api/reports,Active
174,"Other / ungrouped","21. Client Dashboard","02. Get Report Details","21. Client Dashboard > 15. Reports",GET,/api/reports/{{report_id}},Active
175,"Other / ungrouped","21. Client Dashboard","03. Create Report","21. Client Dashboard > 15. Reports",POST,/api/reports,Active
176,"Other / ungrouped","21. Client Dashboard","01. Shop settings (GET)","21. Client Dashboard > 16. Shop & Orders > 01. Shop settings & order totals",GET,/api/shop/settings,Active
177,"Other / ungrouped","21. Client Dashboard","02. Shop settings (PUT)","21. Client Dashboard > 16. Shop & Orders > 01. Shop settings & order totals",PUT,/api/shop/settings,Active
178,"Other / ungrouped","21. Client Dashboard","03. Order summary (GET)","21. Client Dashboard > 16. Shop & Orders > 01. Shop settings & order totals",GET,/api/shop/order-summary,Active
179,"Other / ungrouped","21. Client Dashboard","04. Buy now summary (POST)","21. Client Dashboard > 16. Shop & Orders > 01. Shop settings & order totals",POST,/api/shop/buy-now/summary,Active
180,"Other / ungrouped","21. Client Dashboard","01. Cart - Add Item","21. Client Dashboard > 16. Shop & Orders > 02. Shopping cart",POST,/api/shop/cart/add,Active
181,"Other / ungrouped","21. Client Dashboard","02. Cart - View","21. Client Dashboard > 16. Shop & Orders > 02. Shopping cart",GET,/api/shop/cart,Active
182,"Other / ungrouped","21. Client Dashboard","03. Cart - Update Quantity","21. Client Dashboard > 16. Shop & Orders > 02. Shopping cart",PUT,/api/shop/cart/{{cart_item_id}},Active
183,"Other / ungrouped","21. Client Dashboard","04. Cart - Remove Item","21. Client Dashboard > 16. Shop & Orders > 02. Shopping cart",DELETE,/api/shop/cart/{{cart_item_id}},Active
184,"Other / ungrouped","21. Client Dashboard","01. Checkout - Review","21. Client Dashboard > 16. Shop & Orders > 03. Checkout preview",GET,/api/shop/checkout/review,Active
185,"Other / ungrouped","21. Client Dashboard","01. Orders - List","21. Client Dashboard > 16. Shop & Orders > 04. My orders (shop prefix)",GET,/api/shop/orders,Active
186,"Other / ungrouped","21. Client Dashboard","02. Orders - Get Details","21. Client Dashboard > 16. Shop & Orders > 04. My orders (shop prefix)",GET,/api/shop/orders/{{order_id}},Active
187,"Other / ungrouped","21. Client Dashboard","03. Orders - Mark Paid","21. Client Dashboard > 16. Shop & Orders > 04. My orders (shop prefix)",POST,/api/shop/orders/{{order_id}}/mark-paid,Active
188,"Other / ungrouped","21. Client Dashboard","01. Orders - List (Alternative Route)","21. Client Dashboard > 16. Shop & Orders > 05. My orders (app routes — track / cancel / service report)",GET,/api/orders,Active
189,"Other / ungrouped","21. Client Dashboard","02. Orders - Cancelled List","21. Client Dashboard > 16. Shop & Orders > 05. My orders (app routes — track / cancel / service report)",GET,/api/orders/cancelled,Active
190,"Other / ungrouped","21. Client Dashboard","03. Orders - Get Details (Alternative Route)","21. Client Dashboard > 16. Shop & Orders > 05. My orders (app routes — track / cancel / service report)",GET,/api/orders/{{order_id}},Active
191,"Other / ungrouped","21. Client Dashboard","04. Orders - Track","21. Client Dashboard > 16. Shop & Orders > 05. My orders (app routes — track / cancel / service report)",GET,/api/orders/{{order_id}}/track,Active
192,"Other / ungrouped","21. Client Dashboard","05. Orders - Service Report","21. Client Dashboard > 16. Shop & Orders > 05. My orders (app routes — track / cancel / service report)",GET,/api/orders/{{order_id}}/report,Active
193,"Other / ungrouped","21. Client Dashboard","06. Orders - Mark as Delivered","21. Client Dashboard > 16. Shop & Orders > 05. My orders (app routes — track / cancel / service report)",POST,/api/orders/{{order_id}}/mark-delivered,Active
194,"Other / ungrouped","21. Client Dashboard","07. Orders - Rate Service","21. Client Dashboard > 16. Shop & Orders > 05. My orders (app routes — track / cancel / service report)",POST,/api/orders/{{order_id}}/rate,Active
195,"Other / ungrouped","21. Client Dashboard","08. Orders - Get Rating","21. Client Dashboard > 16. Shop & Orders > 05. My orders (app routes — track / cancel / service report)",GET,/api/orders/{{order_id}}/rating,Active
196,"Other / ungrouped","21. Client Dashboard","09. Orders - Cancel Track","21. Client Dashboard > 16. Shop & Orders > 05. My orders (app routes — track / cancel / service report)",GET,/api/orders/{{order_id}}/cancel-track,Active
197,"Other / ungrouped","21. Client Dashboard","10. Orders - Cancel","21. Client Dashboard > 16. Shop & Orders > 05. My orders (app routes — track / cancel / service report)",POST,/api/orders/{{order_id}}/cancel,Active
198,"Other / ungrouped","21. Client Dashboard","11. Orders - Update","21. Client Dashboard > 16. Shop & Orders > 05. My orders (app routes — track / cancel / service report)",PUT,/api/orders/{{order_id}},Active
199,"Other / ungrouped","21. Client Dashboard","01. Orders - Guest Lookup","21. Client Dashboard > 16. Shop & Orders > 06. Guest orders (no token)",GET,/api/shop/orders/guest,Active
200,"Other / ungrouped","21. Client Dashboard","02. Orders - Guest Track","21. Client Dashboard > 16. Shop & Orders > 06. Guest orders (no token)",GET,/api/shop/orders/guest/track,Active
201,"Other / ungrouped","21. Client Dashboard","01. Categories - List (Public)","21. Client Dashboard > 16. Shop & Orders > 07. Shop catalog (public)",GET,/api/shop/categories,Active
202,"Other / ungrouped","21. Client Dashboard","02. Categories - Get Details (Public)","21. Client Dashboard > 16. Shop & Orders > 07. Shop catalog (public)",GET,/api/shop/categories/{{category_id}},Active
203,"Other / ungrouped","21. Client Dashboard","01. Payments - List","21. Client Dashboard > 16. Shop & Orders > 08. My payments & transactions",GET,/api/shop/payments,Active
204,"Other / ungrouped","21. Client Dashboard","02. Payments - Get Details","21. Client Dashboard > 16. Shop & Orders > 08. My payments & transactions",GET,/api/shop/payments/{{payment_id}},Active
205,"Other / ungrouped","21. Client Dashboard","03. Transactions - List (Alias)","21. Client Dashboard > 16. Shop & Orders > 08. My payments & transactions",GET,/api/shop/transactions,Active
206,"Other / ungrouped","21. Client Dashboard","04. Transactions - Get Details (Alias)","21. Client Dashboard > 16. Shop & Orders > 08. My payments & transactions",GET,/api/shop/transactions/{{payment_id}},Active
207,"Other / ungrouped","21. Client Dashboard","01. GET Payment gateways (public — no token)","21. Client Dashboard > 16. Shop & Orders > 09. Shop – Payments (Stripe & PayPal only)",GET,/api/shop/payment-gateways,Active
208,"Other / ungrouped","21. Client Dashboard","02. GET Payment methods (client — Bearer token)","21. Client Dashboard > 16. Shop & Orders > 09. Shop – Payments (Stripe & PayPal only)",GET,/api/shop/checkout/payment-methods,Active
209,"Other / ungrouped","21. Client Dashboard","03. GET Refund policy (public — no token)","21. Client Dashboard > 16. Shop & Orders > 09. Shop – Payments (Stripe & PayPal only)",GET,/api/shop/refund-policy,Active
210,"Other / ungrouped","21. Client Dashboard","04. POST Start checkout — Stripe (logged-in)","21. Client Dashboard > 16. Shop & Orders > 09. Shop – Payments (Stripe & PayPal only)",POST,/api/shop/checkout/start,Active
211,"Other / ungrouped","21. Client Dashboard","06. POST PayPal capture","21. Client Dashboard > 16. Shop & Orders > 09. Shop – Payments (Stripe & PayPal only)",POST,/api/shop/paypal/capture,Active
212,"Other / ungrouped","21. Client Dashboard","07. POST Stripe webhook (reference only)","21. Client Dashboard > 16. Shop & Orders > 09. Shop – Payments (Stripe & PayPal only)",POST,/api/shop/webhooks/stripe,Active
213,"Other / ungrouped","21. Client Dashboard","08. POST Stripe PaymentIntent — Cart (is_buy_now false)","21. Client Dashboard > 16. Shop & Orders > 09. Shop – Payments (Stripe & PayPal only)",POST,/api/shop/checkout/stripe/payment-intent,Active
214,"Other / ungrouped","21. Client Dashboard","10. POST Checkout confirm (mobile — after Payment Sheet)","21. Client Dashboard > 16. Shop & Orders > 09. Shop – Payments (Stripe & PayPal only)",POST,/api/shop/checkout/confirm,Active
215,"Other / ungrouped","21. Client Dashboard","11. POST Stripe webhook (alias — /shop/stripe/webhook)","21. Client Dashboard > 16. Shop & Orders > 09. Shop – Payments (Stripe & PayPal only)",POST,/api/shop/stripe/webhook,Active
216,"Other / ungrouped","21. Client Dashboard","01. Browse coupons (GET)","21. Client Dashboard > 16. Shop & Orders > 11. Shop – Coupons (apply, validate & checkout)",GET,/api/shop/coupons/browse,Active
217,"Other / ungrouped","21. Client Dashboard","02. Checkout offers — choose promo (POST)","21. Client Dashboard > 16. Shop & Orders > 11. Shop – Coupons (apply, validate & checkout)",POST,/api/shop/coupons/checkout-offers,Active
218,"Other / ungrouped","21. Client Dashboard","03. Validate coupon (form-data)","21. Client Dashboard > 16. Shop & Orders > 11. Shop – Coupons (apply, validate & checkout)",POST,/api/shop/coupons/validate,Active
219,"Other / ungrouped","21. Client Dashboard","04. Apply coupon at checkout (code only)","21. Client Dashboard > 16. Shop & Orders > 11. Shop – Coupons (apply, validate & checkout)",POST,/api/shop/coupons/apply,Active
220,"Other / ungrouped","21. Client Dashboard","01. List Maintenance Photos (GET)","21. Client Dashboard > 16. Shop & Orders > 12. Client – Maintenance Photos",GET,/api/maintenance-photos,Active
221,"Other / ungrouped","22. Reports & Field Notes","01. Technician - Submit Field Report to Supervisor","22. Reports & Field Notes",POST,/api/technician/report/{{visit_id}},Active
222,"Other / ungrouped","22. Reports & Field Notes","02. Technician - Field notes (list)","22. Reports & Field Notes",GET,/api/technician/field-notes,Active
223,"Other / ungrouped","23. Reports","01. Reports - List","23. Reports",GET,/api/supervisor/reports,Active
224,"Other / ungrouped","23. Reports","03. Reports - Accept (field report)","23. Reports",POST,/api/supervisor/reports/{{report_id}}/accept,Active
225,"Other / ungrouped","23. Reports","04. Reports - Reject (field report)","23. Reports",POST,/api/supervisor/reports/{{report_id}}/reject,Active
226,"Other / ungrouped","23. Reports","05. Reports - Generate (POST form-data)","23. Reports",POST,/api/supervisor/reports/generate,Active
227,"Other / ungrouped","23. Reports","06. Reports - Show","23. Reports",GET,/api/supervisor/reports/{{report_id}},Active
228,"Other / ungrouped","23. Reports","07. Reports - Download CSV","23. Reports",GET,/api/supervisor/reports/{{report_id}}/download,Active
229,"Other / ungrouped","23. Reports","08. Visit Report - Review Visit","23. Reports",GET,/api/supervisor/visits/{{visit_id}},Active
230,"Other / ungrouped","23. Reports","09. Visit Report - Recommend Products (POST form-data)","23. Reports",POST,/api/supervisor/visits/{{visit_id}}/recommend,Active
231,"Other / ungrouped","23. Reports","10. Visit Report - Finalize / Share to Client (POST)","23. Reports",POST,/api/supervisor/visits/{{visit_id}}/finalize,Active
232,"Other / ungrouped","24. Reports","01. Reports - List","24. Reports",GET,/api/area-manager/reports,Active
233,"Other / ungrouped","24. Reports","02. Reports - Generate","24. Reports",POST,/api/area-manager/reports/generate,Active
234,"Other / ungrouped","24. Reports","03. Generated Reports - List","24. Reports",GET,/api/area-manager/generated-reports,Active
235,"Other / ungrouped","24. Reports","04. Generated Reports - Download","24. Reports",GET,/api/area-manager/generated-reports/{{generated_report_id}}/download,Active
236,"Other / ungrouped","24. Reports","05. Generated Reports - View","24. Reports",GET,/api/area-manager/generated-reports/{{generated_report_id}}/view,Active
237,"Other / ungrouped","25. Profile","01. Profile - Get","25. Profile",GET,/api/hr/profile,Active
238,"Other / ungrouped","25. Profile","02. Profile - Update","25. Profile",PUT,/api/hr/profile,Active
239,"Other / ungrouped","26. Dashboard (approved only)","01. Dashboard stats","26. Dashboard (approved only)",GET,/api/vendor/dashboard/stats,Active
240,"Other / ungrouped","26. Dashboard (approved only)","02. Dashboard summary (mobile cards)","26. Dashboard (approved only)",GET,/api/vendor/dashboard/summary,Active
241,"Other / ungrouped","27. Admin Dashboard","01. Admin Wallet Overview","27. Admin Dashboard > 01. Admin Dashboard APIs",GET,/api/admin/wallet/overview,Active
242,"Other / ungrouped","27. Admin Dashboard","02. Admin Wallet Credits Ledger","27. Admin Dashboard > 01. Admin Dashboard APIs",GET,/api/admin/wallet/credits,Active
243,"Other / ungrouped","27. Admin Dashboard","03. Admin Wallet Client Detail","27. Admin Dashboard > 01. Admin Dashboard APIs",GET,/api/admin/wallet/users/{{user_id}},Active
244,"Other / ungrouped","27. Admin Dashboard","01. Admin Dashboard Statistics","27. Admin Dashboard > 02. Stats, Users & HR > 01. Stats, Users & HR APIs",GET,/api/admin/dashboard/statistics,Active
245,"Other / ungrouped","27. Admin Dashboard","02. Admin Dashboard Recent Activities","27. Admin Dashboard > 02. Stats, Users & HR > 01. Stats, Users & HR APIs",GET,/api/admin/dashboard/recent-activities,Active
246,"Other / ungrouped","27. Admin Dashboard","03. Admin Dashboard Order Statistics","27. Admin Dashboard > 02. Stats, Users & HR > 01. Stats, Users & HR APIs",GET,/api/admin/dashboard/order-statistics,Active
247,"Other / ungrouped","27. Admin Dashboard","04. Admin Dashboard Order Statistics - Orders Buckets","27. Admin Dashboard > 02. Stats, Users & HR > 01. Stats, Users & HR APIs",GET,/api/admin/dashboard/order-statistics/orders,Active
248,"Other / ungrouped","27. Admin Dashboard","05. Admin Dashboard Quick Overview","27. Admin Dashboard > 02. Stats, Users & HR > 01. Stats, Users & HR APIs",GET,/api/admin/dashboard/quick-overview,Active
249,"Other / ungrouped","27. Admin Dashboard","06. Admin Dashboard Profile","27. Admin Dashboard > 02. Stats, Users & HR > 01. Stats, Users & HR APIs",GET,/api/admin/dashboard/profile,Active
250,"Other / ungrouped","27. Admin Dashboard","07. PUT/POST Admin Dashboard Profile (Update)","27. Admin Dashboard > 02. Stats, Users & HR > 01. Stats, Users & HR APIs",PUT,/api/admin/dashboard/profile,Active
251,"Other / ungrouped","27. Admin Dashboard","08. Admin Dashboard Top Selling Products","27. Admin Dashboard > 02. Stats, Users & HR > 01. Stats, Users & HR APIs",GET,/api/admin/dashboard/top-selling-products,Active
252,"Other / ungrouped","27. Admin Dashboard","09. Admin Users Statistics","27. Admin Dashboard > 02. Stats, Users & HR > 01. Stats, Users & HR APIs",GET,/api/admin/users/statistics,Active
253,"Other / ungrouped","27. Admin Dashboard","10. Admin Users List","27. Admin Dashboard > 02. Stats, Users & HR > 01. Stats, Users & HR APIs",GET,/api/admin/users,Active
254,"Other / ungrouped","27. Admin Dashboard","12. Users - Create","27. Admin Dashboard > 02. Stats, Users & HR > 01. Stats, Users & HR APIs",POST,/api/admin/users,Active
255,"Other / ungrouped","27. Admin Dashboard","13. Users - Get","27. Admin Dashboard > 02. Stats, Users & HR > 01. Stats, Users & HR APIs",GET,/api/admin/users/{{user_id}},Active
256,"Other / ungrouped","27. Admin Dashboard","14. Users - Update","27. Admin Dashboard > 02. Stats, Users & HR > 01. Stats, Users & HR APIs",PUT,/api/admin/users/{{user_id}},Active
257,"Other / ungrouped","27. Admin Dashboard","15. Users - Delete","27. Admin Dashboard > 02. Stats, Users & HR > 01. Stats, Users & HR APIs",DELETE,/api/admin/users/{{user_id}},Active
258,"Other / ungrouped","27. Admin Dashboard","16. Roles - List","27. Admin Dashboard > 02. Stats, Users & HR > 01. Stats, Users & HR APIs",GET,/api/admin/roles,Active
259,"Other / ungrouped","27. Admin Dashboard","17. Roles - Create","27. Admin Dashboard > 02. Stats, Users & HR > 01. Stats, Users & HR APIs",POST,/api/admin/roles,Active
260,"Other / ungrouped","27. Admin Dashboard","18. HR - Employees - List","27. Admin Dashboard > 02. Stats, Users & HR > 01. Stats, Users & HR APIs",GET,/api/admin/hr/employees,Active
261,"Other / ungrouped","27. Admin Dashboard","19. HR - Employees - Create","27. Admin Dashboard > 02. Stats, Users & HR > 01. Stats, Users & HR APIs",POST,/api/admin/hr/employees,Active
262,"Other / ungrouped","27. Admin Dashboard","20. HR - Employees - Get","27. Admin Dashboard > 02. Stats, Users & HR > 01. Stats, Users & HR APIs",GET,/api/admin/hr/employees/{{employee_id}},Active
263,"Other / ungrouped","27. Admin Dashboard","21. HR - Employees - Update","27. Admin Dashboard > 02. Stats, Users & HR > 01. Stats, Users & HR APIs",PUT,/api/admin/hr/employees/{{employee_id}},Active
264,"Other / ungrouped","27. Admin Dashboard","22. HR - Employees - Delete","27. Admin Dashboard > 02. Stats, Users & HR > 01. Stats, Users & HR APIs",DELETE,/api/admin/hr/employees/{{employee_id}},Active
265,"Other / ungrouped","27. Admin Dashboard","02. Notifications - Broadcast options (roles)","27. Admin Dashboard > 02. Stats, Users & HR > 02. Admin Notifications (Dedicated API)",GET,/api/admin/notifications/broadcast/options,Active
266,"Other / ungrouped","27. Admin Dashboard","03. Notifications - Broadcast recipients by role","27. Admin Dashboard > 02. Stats, Users & HR > 02. Admin Notifications (Dedicated API)",GET,/api/admin/notifications/broadcast/recipients,Active
267,"Other / ungrouped","27. Admin Dashboard","01. Get All Reports","27. Admin Dashboard > 03. Reports Management",GET,/api/admin/reports,Active
268,"Other / ungrouped","27. Admin Dashboard","02. Get Report Statistics","27. Admin Dashboard > 03. Reports Management",GET,/api/admin/reports/statistics,Active
269,"Other / ungrouped","27. Admin Dashboard","03. Generate Report","27. Admin Dashboard > 03. Reports Management",POST,/api/admin/reports/generate,Active
270,"Other / ungrouped","27. Admin Dashboard","04. Schedule Report","27. Admin Dashboard > 03. Reports Management",POST,/api/admin/reports/schedule,Active
271,"Other / ungrouped","27. Admin Dashboard","05. Get Single Report","27. Admin Dashboard > 03. Reports Management",GET,/api/admin/reports/1,Active
272,"Other / ungrouped","27. Admin Dashboard","06. Download Report","27. Admin Dashboard > 03. Reports Management",GET,/api/admin/reports/1/download,Active
273,"Other / ungrouped","27. Admin Dashboard","07. Cancel Scheduled Report","27. Admin Dashboard > 03. Reports Management",DELETE,/api/admin/reports/1/cancel,Active
274,"Other / ungrouped","27. Admin Dashboard","08. Delete Report","27. Admin Dashboard > 03. Reports Management",DELETE,/api/admin/reports/1,Active
275,"Other / ungrouped","27. Admin Dashboard","01. GET List Support Tickets","27. Admin Dashboard > 04. Support > 01. Support Tickets",GET,/api/admin/support-tickets,Active
276,"Other / ungrouped","27. Admin Dashboard","02. GET Support Ticket by ID","27. Admin Dashboard > 04. Support > 01. Support Tickets",GET,/api/admin/support-tickets/{{ticket_id}},Active
277,"Other / ungrouped","27. Admin Dashboard","03. POST Reply to Ticket","27. Admin Dashboard > 04. Support > 01. Support Tickets",POST,/api/admin/support-tickets/{{ticket_id}}/reply,Active
278,"Other / ungrouped","27. Admin Dashboard","04. PUT Update Ticket Status","27. Admin Dashboard > 04. Support > 01. Support Tickets",PUT,/api/admin/support-tickets/{{ticket_id}}/status,Active
279,"Other / ungrouped","27. Admin Dashboard","01. List live chat sessions","27. Admin Dashboard > 04. Support > 02. Support Live Chat",GET,/api/admin/support-chat/sessions,Active
280,"Other / ungrouped","27. Admin Dashboard","02. Get session with messages","27. Admin Dashboard > 04. Support > 02. Support Live Chat",GET,/api/admin/support-chat/sessions/{{support_chat_session_id}},Active
281,"Other / ungrouped","27. Admin Dashboard","03. Poll new messages","27. Admin Dashboard > 04. Support > 02. Support Live Chat",GET,/api/admin/support-chat/sessions/{{support_chat_session_id}}/messages,Active
282,"Other / ungrouped","27. Admin Dashboard","04. Reply to vendor","27. Admin Dashboard > 04. Support > 02. Support Live Chat",POST,/api/admin/support-chat/sessions/{{support_chat_session_id}}/messages,Active
283,"Other / ungrouped","27. Admin Dashboard","05. Update chat status","27. Admin Dashboard > 04. Support > 02. Support Live Chat",PUT,/api/admin/support-chat/sessions/{{support_chat_session_id}}/status,Active
284,"Other / ungrouped","27. Admin Dashboard","01. Get All Settings","27. Admin Dashboard > 05. Settings (Mobile) > 01. Settings APIs",GET,/api/admin/settings,Active
285,"Other / ungrouped","27. Admin Dashboard","02. Get System Settings","27. Admin Dashboard > 05. Settings (Mobile) > 01. Settings APIs",GET,/api/admin/settings/system,Active
286,"Other / ungrouped","27. Admin Dashboard","03. Update System Settings","27. Admin Dashboard > 05. Settings (Mobile) > 01. Settings APIs",PUT,/api/admin/settings/system,Active
287,"Other / ungrouped","27. Admin Dashboard","04. Get Theme","27. Admin Dashboard > 05. Settings (Mobile) > 01. Settings APIs",GET,/api/admin/settings/theme,Active
288,"Other / ungrouped","27. Admin Dashboard","05. Update Theme","27. Admin Dashboard > 05. Settings (Mobile) > 01. Settings APIs",PUT,/api/admin/settings/theme,Active
289,"Other / ungrouped","27. Admin Dashboard","06. Get Language","27. Admin Dashboard > 05. Settings (Mobile) > 01. Settings APIs",GET,/api/admin/settings/language,Active
290,"Other / ungrouped","27. Admin Dashboard","07. Update Language","27. Admin Dashboard > 05. Settings (Mobile) > 01. Settings APIs",PUT,/api/admin/settings/language,Active
291,"Other / ungrouped","27. Admin Dashboard","08. Get Payment Settings","27. Admin Dashboard > 05. Settings (Mobile) > 01. Settings APIs",GET,/api/admin/settings/payment,Active
292,"Other / ungrouped","27. Admin Dashboard","09. Update Payment Settings","27. Admin Dashboard > 05. Settings (Mobile) > 01. Settings APIs",PUT,/api/admin/settings/payment,Active
293,"Other / ungrouped","27. Admin Dashboard","10. Get Shop Settings (Shipping & Tax)","27. Admin Dashboard > 05. Settings (Mobile) > 01. Settings APIs",GET,/api/admin/settings/shop,Active
294,"Other / ungrouped","27. Admin Dashboard","11. Update Shop Settings (Shipping & Tax)","27. Admin Dashboard > 05. Settings (Mobile) > 01. Settings APIs",PUT,/api/admin/settings/shop,Active
295,"Other / ungrouped","27. Admin Dashboard","12. Get Instant Order Fee","27. Admin Dashboard > 05. Settings (Mobile) > 01. Settings APIs",GET,/api/admin/settings/instant-order-fee,Active
296,"Other / ungrouped","27. Admin Dashboard","13. Update Instant Order Fee","27. Admin Dashboard > 05. Settings (Mobile) > 01. Settings APIs",PUT,/api/admin/settings/instant-order-fee,Active
297,"Other / ungrouped","27. Admin Dashboard","14. Get Service Pricing Settings","27. Admin Dashboard > 05. Settings (Mobile) > 01. Settings APIs",GET,/api/admin/settings/service-pricing,Active
298,"Other / ungrouped","27. Admin Dashboard","15. Update Service Pricing Settings (form-data)","27. Admin Dashboard > 05. Settings (Mobile) > 01. Settings APIs",POST,/api/admin/settings/service-pricing,Active
299,"Other / ungrouped","27. Admin Dashboard","16. Update Service Pricing Settings (PUT form-data)","27. Admin Dashboard > 05. Settings (Mobile) > 01. Settings APIs",PUT,/api/admin/settings/service-pricing,Active
300,"Other / ungrouped","27. Admin Dashboard","17. Get Tree Palm Pricing Settings","27. Admin Dashboard > 05. Settings (Mobile) > 01. Settings APIs",GET,/api/admin/settings/tree-palm-pricing,Active
301,"Other / ungrouped","27. Admin Dashboard","18. Update Tree Palm Pricing Settings (form-data)","27. Admin Dashboard > 05. Settings (Mobile) > 01. Settings APIs",POST,/api/admin/settings/tree-palm-pricing,Active
302,"Other / ungrouped","27. Admin Dashboard","19. Export Data","27. Admin Dashboard > 05. Settings (Mobile) > 01. Settings APIs",POST,/api/admin/settings/export-data,Active
303,"Other / ungrouped","27. Admin Dashboard","01. List pages","27. Admin Dashboard > 05. Settings (Mobile) > 02. Legal & Contact Content > 01. Client - Legal Admin",GET,/api/admin/client/pages,Active
304,"Other / ungrouped","27. Admin Dashboard","02. Get Contact Us","27. Admin Dashboard > 05. Settings (Mobile) > 02. Legal & Contact Content > 01. Client - Legal Admin",GET,/api/admin/client/contact-us,Active
305,"Other / ungrouped","27. Admin Dashboard","03. Save Contact Us - form-data","27. Admin Dashboard > 05. Settings (Mobile) > 02. Legal & Contact Content > 01. Client - Legal Admin",PUT,/api/admin/client/contact-us,Active
306,"Other / ungrouped","27. Admin Dashboard","04. Get Terms & Conditions","27. Admin Dashboard > 05. Settings (Mobile) > 02. Legal & Contact Content > 01. Client - Legal Admin",GET,/api/admin/client/terms-and-conditions,Active
307,"Other / ungrouped","27. Admin Dashboard","05. Save Terms and Conditions - form-data","27. Admin Dashboard > 05. Settings (Mobile) > 02. Legal & Contact Content > 01. Client - Legal Admin",PUT,/api/admin/client/terms-and-conditions,Active
308,"Other / ungrouped","27. Admin Dashboard","06. Save Terms and Conditions - POST form-data","27. Admin Dashboard > 05. Settings (Mobile) > 02. Legal & Contact Content > 01. Client - Legal Admin",POST,/api/admin/client/terms-and-conditions,Active
309,"Other / ungrouped","27. Admin Dashboard","07. Get Privacy Policy","27. Admin Dashboard > 05. Settings (Mobile) > 02. Legal & Contact Content > 01. Client - Legal Admin",GET,/api/admin/client/privacy-policy,Active
310,"Other / ungrouped","27. Admin Dashboard","08. Save Privacy Policy - form-data","27. Admin Dashboard > 05. Settings (Mobile) > 02. Legal & Contact Content > 01. Client - Legal Admin",PUT,/api/admin/client/privacy-policy,Active
311,"Other / ungrouped","27. Admin Dashboard","01. List pages","27. Admin Dashboard > 05. Settings (Mobile) > 02. Legal & Contact Content > 02. Vendor - Legal Admin",GET,/api/admin/vendor/pages,Active
312,"Other / ungrouped","27. Admin Dashboard","02. Get Contact Us","27. Admin Dashboard > 05. Settings (Mobile) > 02. Legal & Contact Content > 02. Vendor - Legal Admin",GET,/api/admin/vendor/contact-us,Active
313,"Other / ungrouped","27. Admin Dashboard","03. Save Contact Us - form-data","27. Admin Dashboard > 05. Settings (Mobile) > 02. Legal & Contact Content > 02. Vendor - Legal Admin",PUT,/api/admin/vendor/contact-us,Active
314,"Other / ungrouped","27. Admin Dashboard","04. Get Terms & Conditions","27. Admin Dashboard > 05. Settings (Mobile) > 02. Legal & Contact Content > 02. Vendor - Legal Admin",GET,/api/admin/vendor/terms-and-conditions,Active
315,"Other / ungrouped","27. Admin Dashboard","05. Save Terms and Conditions - form-data","27. Admin Dashboard > 05. Settings (Mobile) > 02. Legal & Contact Content > 02. Vendor - Legal Admin",PUT,/api/admin/vendor/terms-and-conditions,Active
316,"Other / ungrouped","27. Admin Dashboard","06. Get Privacy Policy","27. Admin Dashboard > 05. Settings (Mobile) > 02. Legal & Contact Content > 02. Vendor - Legal Admin",GET,/api/admin/vendor/privacy-policy,Active
317,"Other / ungrouped","27. Admin Dashboard","07. Save Privacy Policy - form-data","27. Admin Dashboard > 05. Settings (Mobile) > 02. Legal & Contact Content > 02. Vendor - Legal Admin",PUT,/api/admin/vendor/privacy-policy,Active
318,"Other / ungrouped","27. Admin Dashboard","01. List All Banners (Admin)","27. Admin Dashboard > 06. Banners",GET,/api/admin/banners,Active
319,"Other / ungrouped","27. Admin Dashboard","02. Create Banner","27. Admin Dashboard > 06. Banners",POST,/api/admin/banners,Active
320,"Other / ungrouped","27. Admin Dashboard","03. Get Banner (Admin)","27. Admin Dashboard > 06. Banners",GET,/api/admin/banners/{{banner_id}},Active
321,"Other / ungrouped","27. Admin Dashboard","04. Update Banner","27. Admin Dashboard > 06. Banners",POST,/api/admin/banners/{{banner_id}},Active
322,"Other / ungrouped","27. Admin Dashboard","05. Update Banner Order","27. Admin Dashboard > 06. Banners",POST,/api/admin/banners/update-order,Active
323,"Other / ungrouped","27. Admin Dashboard","06. Toggle Banner Status","27. Admin Dashboard > 06. Banners",POST,/api/admin/banners/{{banner_id}}/toggle-status,Active
324,"Other / ungrouped","27. Admin Dashboard","07. Delete Banner","27. Admin Dashboard > 06. Banners",DELETE,/api/admin/banners/{{banner_id}},Active
325,"Other / ungrouped","27. Admin Dashboard","01. List All Video Banners (Admin)","27. Admin Dashboard > 07. Video Banner",GET,/api/admin/video-banners,Active
326,"Other / ungrouped","27. Admin Dashboard","02. Create Video Banner","27. Admin Dashboard > 07. Video Banner",POST,/api/admin/video-banners,Active
327,"Other / ungrouped","27. Admin Dashboard","03. Get Video Banner (Admin)","27. Admin Dashboard > 07. Video Banner",GET,/api/admin/video-banners/{{video_banner_id}},Active
328,"Other / ungrouped","27. Admin Dashboard","04. Update Video Banner","27. Admin Dashboard > 07. Video Banner",POST,/api/admin/video-banners/{{video_banner_id}},Active
329,"Other / ungrouped","27. Admin Dashboard","05. Toggle Video Banner Status","27. Admin Dashboard > 07. Video Banner",POST,/api/admin/video-banners/{{video_banner_id}}/toggle-status,Active
330,"Other / ungrouped","27. Admin Dashboard","06. Delete Video Banner","27. Admin Dashboard > 07. Video Banner",DELETE,/api/admin/video-banners/{{video_banner_id}},Active
331,"Other / ungrouped","27. Admin Dashboard","01. Control Center (GET)","27. Admin Dashboard > 08. Loyalty Points (Admin) > 01. Dashboard",GET,/api/admin/loyalty,Active
332,"Other / ungrouped","27. Admin Dashboard","02. Toggle Loyalty System (PUT)","27. Admin Dashboard > 08. Loyalty Points (Admin) > 01. Dashboard",PUT,/api/admin/loyalty/toggle,Active
333,"Other / ungrouped","27. Admin Dashboard","01. Get Settings (GET)","27. Admin Dashboard > 08. Loyalty Points (Admin) > 02. Loyalty Settings",GET,/api/admin/loyalty/settings,Active
334,"Other / ungrouped","27. Admin Dashboard","02. Save Settings (PUT)","27. Admin Dashboard > 08. Loyalty Points (Admin) > 02. Loyalty Settings",PUT,/api/admin/loyalty/settings,Active
335,"Other / ungrouped","27. Admin Dashboard","01. List Rewards (GET)","27. Admin Dashboard > 08. Loyalty Points (Admin) > 03. Rewards",GET,/api/admin/loyalty/rewards,Active
336,"Other / ungrouped","27. Admin Dashboard","02. Create Reward (POST)","27. Admin Dashboard > 08. Loyalty Points (Admin) > 03. Rewards",POST,/api/admin/loyalty/rewards,Active
337,"Other / ungrouped","27. Admin Dashboard","03. Update Reward (PUT)","27. Admin Dashboard > 08. Loyalty Points (Admin) > 03. Rewards",PUT,/api/admin/loyalty/rewards/1,Active
338,"Other / ungrouped","27. Admin Dashboard","04. Toggle Reward Enabled (POST)","27. Admin Dashboard > 08. Loyalty Points (Admin) > 03. Rewards",POST,/api/admin/loyalty/rewards/1/toggle,Active
339,"Other / ungrouped","27. Admin Dashboard","05. Delete Reward (DELETE)","27. Admin Dashboard > 08. Loyalty Points (Admin) > 03. Rewards",DELETE,/api/admin/loyalty/rewards/1,Active
340,"Other / ungrouped","27. Admin Dashboard","01. List Customers (GET)","27. Admin Dashboard > 08. Loyalty Points (Admin) > 04. Customers & Points",GET,/api/admin/loyalty/customers,Active
341,"Other / ungrouped","27. Admin Dashboard","02. Customer Points (GET)","27. Admin Dashboard > 08. Loyalty Points (Admin) > 04. Customers & Points",GET,/api/admin/loyalty/customers/1,Active
342,"Other / ungrouped","27. Admin Dashboard","03. Manual Adjust (POST/PUT)","27. Admin Dashboard > 08. Loyalty Points (Admin) > 04. Customers & Points",POST,/api/admin/loyalty/customers/1/adjust,Active
343,"Other / ungrouped","27. Admin Dashboard","01. List Campaigns (GET)","27. Admin Dashboard > 08. Loyalty Points (Admin) > 05. Campaigns",GET,/api/admin/loyalty/campaigns,Active
344,"Other / ungrouped","27. Admin Dashboard","02. Create Campaign (POST)","27. Admin Dashboard > 08. Loyalty Points (Admin) > 05. Campaigns",POST,/api/admin/loyalty/campaigns,Active
345,"Other / ungrouped","27. Admin Dashboard","03. Update Campaign (PUT)","27. Admin Dashboard > 08. Loyalty Points (Admin) > 05. Campaigns",PUT,/api/admin/loyalty/campaigns/1,Active
346,"Other / ungrouped","27. Admin Dashboard","04. Toggle Campaign Enabled (POST)","27. Admin Dashboard > 08. Loyalty Points (Admin) > 05. Campaigns",POST,/api/admin/loyalty/campaigns/1/toggle,Active
347,"Other / ungrouped","27. Admin Dashboard","05. Delete Campaign (DELETE)","27. Admin Dashboard > 08. Loyalty Points (Admin) > 05. Campaigns",DELETE,/api/admin/loyalty/campaigns/1,Active
348,"Other / ungrouped","27. Admin Dashboard","01. Reports (GET)","27. Admin Dashboard > 08. Loyalty Points (Admin) > 06. Reports & Export",GET,/api/admin/loyalty/reports,Active
349,"Other / ungrouped","27. Admin Dashboard","02. Export PDF (GET)","27. Admin Dashboard > 08. Loyalty Points (Admin) > 06. Reports & Export",GET,/api/admin/loyalty/export,Active
350,"Other / ungrouped","27. Admin Dashboard","01. List Packages (Admin)","27. Admin Dashboard > 09. Packages",GET,/api/admin/packages,Active
351,"Other / ungrouped","27. Admin Dashboard","02. Create Package","27. Admin Dashboard > 09. Packages",POST,/api/admin/packages,Active
352,"Other / ungrouped","27. Admin Dashboard","03. Update Package","27. Admin Dashboard > 09. Packages",PUT,/api/admin/packages/1,Active
353,"Other / ungrouped","27. Admin Dashboard","01. Export Orders (CSV)","27. Admin Dashboard > 10. Orders Export",GET,/api/admin/orders/export,Active
354,"Other / ungrouped","27. Admin Dashboard","02. Send Orders to Supplier","27. Admin Dashboard > 10. Orders Export",POST,/api/admin/orders/send-to-supplier,Active
355,"Other / ungrouped","27. Admin Dashboard","03. Cancel Order (Admin)","27. Admin Dashboard > 10. Orders Export",POST,/api/admin/orders/{{order_id}}/cancel,Active
356,"Other / ungrouped","27. Admin Dashboard","04. Bulk Delete Orders (Admin)","27. Admin Dashboard > 10. Orders Export",POST,/api/admin/orders/bulk-delete,Active
357,"Other / ungrouped","27. Admin Dashboard","05. Refund Order (Admin)","27. Admin Dashboard > 10. Orders Export",POST,/api/admin/orders/{{order_id}}/refund,Active
358,"Other / ungrouped","27. Admin Dashboard","01. List coupons (GET)","27. Admin Dashboard > 11. Coupons",GET,/api/admin/coupons,Active
359,"Other / ungrouped","27. Admin Dashboard","02. Get coupon by id (GET)","27. Admin Dashboard > 11. Coupons",GET,/api/admin/coupons/{{coupon_id}},Active
360,"Other / ungrouped","27. Admin Dashboard","03. Add coupon – Percentage (form-data)","27. Admin Dashboard > 11. Coupons",POST,/api/admin/coupons,Active
361,"Other / ungrouped","27. Admin Dashboard","05. Edit coupon (form-data PUT)","27. Admin Dashboard > 11. Coupons",PUT,/api/admin/coupons/{{coupon_id}},Active
362,"Other / ungrouped","27. Admin Dashboard","06. Delete coupon (DELETE)","27. Admin Dashboard > 11. Coupons",DELETE,/api/admin/coupons/{{coupon_id}},Active
363,"Other / ungrouped","27. Admin Dashboard","01. List maintenance photos (GET)","27. Admin Dashboard > 12. Maintenance Photos",GET,/api/admin/maintenance-photos,Active
364,"Other / ungrouped","27. Admin Dashboard","02. Get maintenance photo detail (edit screen)","27. Admin Dashboard > 12. Maintenance Photos",GET,/api/admin/maintenance-photos/{{maintenance_photo_id}},Active
365,"Other / ungrouped","27. Admin Dashboard","03. Add maintenance photo (form-data POST)","27. Admin Dashboard > 12. Maintenance Photos",POST,/api/admin/maintenance-photos,Active
366,"Other / ungrouped","27. Admin Dashboard","04. Update maintenance photo (form-data PUT)","27. Admin Dashboard > 12. Maintenance Photos",PUT,/api/admin/maintenance-photos/{{maintenance_photo_id}},Active
367,"Other / ungrouped","27. Admin Dashboard","05. Update maintenance photo (form-data POST)","27. Admin Dashboard > 12. Maintenance Photos",POST,/api/admin/maintenance-photos/{{maintenance_photo_id}},Active
368,"Other / ungrouped","27. Admin Dashboard","06. Delete maintenance photo (DELETE)","27. Admin Dashboard > 12. Maintenance Photos",DELETE,/api/admin/maintenance-photos/{{maintenance_photo_id}},Active
369,"Other / ungrouped","27. Admin Dashboard","01. Get Plans (Public)","27. Admin Dashboard > 13. Subscriptions",GET,/api/subscriptions/plans,Active
370,"Other / ungrouped","27. Admin Dashboard","02. Create Subscription","27. Admin Dashboard > 13. Subscriptions",POST,/api/subscriptions,Active
371,"Other / ungrouped","27. Admin Dashboard","05. Update Subscription","27. Admin Dashboard > 13. Subscriptions",POST,/api/subscriptions/{{subscription_id}},Active
372,"Other / ungrouped","27. Admin Dashboard","06. Mark Subscription Paid","27. Admin Dashboard > 13. Subscriptions",POST,/api/subscriptions/{{subscription_id}}/mark-paid,Active
373,"Other / ungrouped","27. Admin Dashboard","07. Delete Subscription","27. Admin Dashboard > 13. Subscriptions",DELETE,/api/subscriptions/{{subscription_id}},Active
374,"Other / ungrouped","27. Admin Dashboard","01. Get Working Hours & Capacity","27. Admin Dashboard > 14. Job Scheduling > 01. Working Hours & Capacity",GET,/api/admin/job-scheduling/working-hours,Active
375,"Other / ungrouped","27. Admin Dashboard","02. Update Working Hours & Capacity","27. Admin Dashboard > 14. Job Scheduling > 01. Working Hours & Capacity",PUT,/api/admin/job-scheduling/working-hours,Active
376,"Other / ungrouped","27. Admin Dashboard","01. List Time Slots","27. Admin Dashboard > 14. Job Scheduling > 02. Time Slots",GET,/api/admin/job-scheduling/time-slots,Active
377,"Other / ungrouped","27. Admin Dashboard","02. Add Time Slot","27. Admin Dashboard > 14. Job Scheduling > 02. Time Slots",POST,/api/admin/job-scheduling/time-slots,Active
378,"Other / ungrouped","27. Admin Dashboard","03. Toggle Time Slot (On/Off)","27. Admin Dashboard > 14. Job Scheduling > 02. Time Slots",POST,/api/admin/job-scheduling/time-slots/{{job_time_slot_id}}/toggle,Active
379,"Other / ungrouped","27. Admin Dashboard","04. Delete Time Slot","27. Admin Dashboard > 14. Job Scheduling > 02. Time Slots",DELETE,/api/admin/job-scheduling/time-slots/{{job_time_slot_id}},Active
380,"Other / ungrouped","27. Admin Dashboard","01. List Blocked Dates","27. Admin Dashboard > 14. Job Scheduling > 03. Blocked Dates & Slots",GET,/api/admin/job-scheduling/blocked-dates,Active
381,"Other / ungrouped","27. Admin Dashboard","02. Add Block - Full day","27. Admin Dashboard > 14. Job Scheduling > 03. Blocked Dates & Slots",POST,/api/admin/job-scheduling/blocked-dates,Active
382,"Other / ungrouped","27. Admin Dashboard","04. Delete Block","27. Admin Dashboard > 14. Job Scheduling > 03. Blocked Dates & Slots",DELETE,/api/admin/job-scheduling/blocked-dates/{{job_blocked_date_id}},Active
383,"Other / ungrouped","27. Admin Dashboard","01. List product time slots","27. Admin Dashboard > 14. Job Scheduling > 04. Product Time Slots (optional / unused by shop)",GET,/api/admin/job-scheduling/products/{{product_id}}/time-slots,Active
384,"Other / ungrouped","27. Admin Dashboard","02. Add product time slot","27. Admin Dashboard > 14. Job Scheduling > 04. Product Time Slots (optional / unused by shop)",POST,/api/admin/job-scheduling/products/{{product_id}}/time-slots,Active
385,"Other / ungrouped","27. Admin Dashboard","03. Toggle product time slot","27. Admin Dashboard > 14. Job Scheduling > 04. Product Time Slots (optional / unused by shop)",POST,/api/admin/job-scheduling/products/{{product_id}}/time-slots/{{product_time_slot_id}}/toggle,Active
386,"Other / ungrouped","27. Admin Dashboard","04. Delete product time slot","27. Admin Dashboard > 14. Job Scheduling > 04. Product Time Slots (optional / unused by shop)",DELETE,/api/admin/job-scheduling/products/{{product_id}}/time-slots/{{product_time_slot_id}},Active
387,"Other / ungrouped","27. Admin Dashboard","05. List product blocked dates","27. Admin Dashboard > 14. Job Scheduling > 04. Product Time Slots (optional / unused by shop)",GET,/api/admin/job-scheduling/products/{{product_id}}/blocked-dates,Active
388,"Other / ungrouped","27. Admin Dashboard","06. Add product blocked date (full day)","27. Admin Dashboard > 14. Job Scheduling > 04. Product Time Slots (optional / unused by shop)",POST,/api/admin/job-scheduling/products/{{product_id}}/blocked-dates,Active
389,"Other / ungrouped","27. Admin Dashboard","07. Delete product blocked date","27. Admin Dashboard > 14. Job Scheduling > 04. Product Time Slots (optional / unused by shop)",DELETE,/api/admin/job-scheduling/products/{{product_id}}/blocked-dates/{{product_blocked_date_id}},Active
390,"Other / ungrouped","27. Admin Dashboard","01. Jobs Calendar - Day view","27. Admin Dashboard > 14. Job Scheduling > 05. Jobs Calendar",GET,/api/admin/job-scheduling/calendar,Active
391,"Other / ungrouped","27. Admin Dashboard","04. Booking Detail (tap a job on the calendar)","27. Admin Dashboard > 14. Job Scheduling > 05. Jobs Calendar",GET,/api/admin/job-scheduling/jobs/{{visit_id}},Active
392,"Other / ungrouped","27. Admin Dashboard","05. Update Booking Detail (Save changes / Reschedule & notify)","27. Admin Dashboard > 14. Job Scheduling > 05. Jobs Calendar",PUT,/api/admin/job-scheduling/jobs/{{visit_id}},Active
393,"Other / ungrouped","27. Admin Dashboard","01. List (Contractor Management)","27. Admin Dashboard > 15. Admin – Supervisor (Contractor) Registrations",GET,/api/admin/supervisor-registrations,Active
394,"Other / ungrouped","27. Admin Dashboard","02. Recent contractor requests (dashboard)","27. Admin Dashboard > 15. Admin – Supervisor (Contractor) Registrations",GET,/api/admin/supervisor-registrations/recent,Active
395,"Other / ungrouped","27. Admin Dashboard","03. Show contractor application","27. Admin Dashboard > 15. Admin – Supervisor (Contractor) Registrations",GET,/api/admin/supervisor-registrations/{{supervisor_registration_id}},Active
396,"Other / ungrouped","27. Admin Dashboard","04. Approve","27. Admin Dashboard > 15. Admin – Supervisor (Contractor) Registrations",POST,/api/admin/supervisor-registrations/{{supervisor_registration_id}}/approve,Active
397,"Other / ungrouped","27. Admin Dashboard","05. Reject (Cancel)","27. Admin Dashboard > 15. Admin – Supervisor (Contractor) Registrations",POST,/api/admin/supervisor-registrations/{{supervisor_registration_id}}/reject,Active
398,"Other / ungrouped","27. Admin Dashboard","06. Request missing documents","27. Admin Dashboard > 15. Admin – Supervisor (Contractor) Registrations",POST,/api/admin/supervisor-registrations/{{supervisor_registration_id}}/request-documents,Active
399,"Other / ungrouped","27. Admin Dashboard","07. Suspend account","27. Admin Dashboard > 15. Admin – Supervisor (Contractor) Registrations",POST,/api/admin/supervisor-registrations/{{supervisor_registration_id}}/account-status/suspend,Active
400,"Other / ungrouped","27. Admin Dashboard","08. Set inactive","27. Admin Dashboard > 15. Admin – Supervisor (Contractor) Registrations",POST,/api/admin/supervisor-registrations/{{supervisor_registration_id}}/account-status/inactive,Active
401,"Other / ungrouped","27. Admin Dashboard","09. Activate account","27. Admin Dashboard > 15. Admin – Supervisor (Contractor) Registrations",POST,/api/admin/supervisor-registrations/{{supervisor_registration_id}}/account-status/activate,Active
402,"Other / ungrouped","27. Admin Dashboard","10. Delete contractor","27. Admin Dashboard > 15. Admin – Supervisor (Contractor) Registrations",DELETE,/api/admin/supervisor-registrations/{{supervisor_registration_id}},Active
403,"Other / ungrouped","27. Admin Dashboard","01. Screen (tab list)","27. Admin Dashboard > 16. Admin – Contractor Signup Options",GET,/api/admin/contractor-signup-options,Active
404,"Other / ungrouped","27. Admin Dashboard","02. Toggle registration open/closed","27. Admin Dashboard > 16. Admin – Contractor Signup Options",PUT,/api/admin/contractor-signup-options/settings,Active
405,"Other / ungrouped","27. Admin Dashboard","03. Add option (+)","27. Admin Dashboard > 16. Admin – Contractor Signup Options",POST,/api/admin/contractor-signup-options,Active
406,"Other / ungrouped","27. Admin Dashboard","04. Edit option","27. Admin Dashboard > 16. Admin – Contractor Signup Options",PUT,/api/admin/contractor-signup-options/{{signup_option_id}},Active
407,"Other / ungrouped","27. Admin Dashboard","05. Toggle option active on signup","27. Admin Dashboard > 16. Admin – Contractor Signup Options",POST,/api/admin/contractor-signup-options/{{signup_option_id}}/toggle,Active
408,"Other / ungrouped","27. Admin Dashboard","06. Delete option","27. Admin Dashboard > 16. Admin – Contractor Signup Options",DELETE,/api/admin/contractor-signup-options/{{signup_option_id}},Active
409,"Other / ungrouped","28. Leave Requests","01. Leave Request Types","28. Leave Requests",GET,/api/technician/leave-request-types,Active
410,"Other / ungrouped","28. Leave Requests","02. Leave Requests - List","28. Leave Requests",GET,/api/technician/leave-requests,Active
411,"Other / ungrouped","28. Leave Requests","03. Leave Request - Submit","28. Leave Requests",POST,/api/technician/leave-requests,Active
412,"Other / ungrouped","28. Leave Requests","04. Leave Request - Show","28. Leave Requests",GET,/api/technician/leave-requests/{{leave_request_id}},Active
413,"Other / ungrouped","29. Leave Requests","01. Leave Request Types","29. Leave Requests",GET,/api/supervisor/leave-request-types,Active
414,"Other / ungrouped","29. Leave Requests","02. Leave Requests - List","29. Leave Requests",GET,/api/supervisor/leave-requests,Active
415,"Other / ungrouped","29. Leave Requests","03. Leave Request - Submit","29. Leave Requests",POST,/api/supervisor/leave-requests,Active
416,"Other / ungrouped","29. Leave Requests","04. Leave Request - Show","29. Leave Requests",GET,/api/supervisor/leave-requests/{{leave_request_id}},Active
417,"Other / ungrouped","30. Profile","01. Profile - Get","30. Profile",GET,/api/area-manager/profile,Active
418,"Other / ungrouped","30. Profile","02. Profile - Update","30. Profile",PUT,/api/area-manager/profile,Active
419,"Other / ungrouped","31. Help & Support","01. Help Center (GET)","31. Help & Support",GET,/api/hr/support/help-center,Active
420,"Other / ungrouped","31. Help & Support","02. FAQs (GET)","31. Help & Support",GET,/api/hr/support/faqs,Active
421,"Other / ungrouped","31. Help & Support","03. Submit ticket (POST)","31. Help & Support",POST,/api/hr/support/tickets,Active
422,"Other / ungrouped","31. Help & Support","04. List my tickets (GET)","31. Help & Support",GET,/api/hr/support/tickets,Active
423,"Other / ungrouped","31. Help & Support","05. Get ticket by ID (GET)","31. Help & Support",GET,/api/hr/support/tickets/{{ticket_id}},Active
424,"Other / ungrouped","31. Help & Support","06. Reply to ticket (POST)","31. Help & Support",POST,/api/hr/support/tickets/{{ticket_id}}/reply,Active
425,"Other / ungrouped","32. Performance Analytics (approved only)","01. Get performance analytics","32. Performance Analytics (approved only)",GET,/api/vendor/analytics/performance,Active
426,"Other / ungrouped","32. Performance Analytics (approved only)","02. Export performance report (PDF)","32. Performance Analytics (approved only)",GET,/api/vendor/analytics/performance/export,Active
427,"Other / ungrouped","32. Performance Analytics (approved only)","03. Share performance analytics (public link)","32. Performance Analytics (approved only)",POST,/api/vendor/analytics/performance/share,Active
428,"Other / ungrouped","33. Alerts","01. Alerts - List","33. Alerts",GET,/api/technician/alerts,Active
429,"Other / ungrouped","34. Alerts","01. Alerts - List","34. Alerts",GET,/api/supervisor/alerts,Active
430,"Other / ungrouped","35. Notifications","01. Notifications - List","35. Notifications",GET,/api/area-manager/notifications,Active
431,"Other / ungrouped","35. Notifications","02. Notifications - Mark as Read","35. Notifications",POST,/api/area-manager/notifications/{{notification_id}}/mark-read,Active
432,"Other / ungrouped","35. Notifications","03. Notifications - Mark All as Read","35. Notifications",POST,/api/area-manager/notifications/mark-all-read,Active
433,"Other / ungrouped","35. Notifications","04. Notifications - Delete","35. Notifications",DELETE,/api/area-manager/notifications/{{notification_id}},Active
434,"Other / ungrouped","35. Notifications","05. Notifications - Clear All","35. Notifications",POST,/api/area-manager/notifications/clear-all,Active
435,"Other / ungrouped","36. Visit assignments & Monthly reports","01. Visit assignments - List","36. Visit assignments & Monthly reports",GET,/api/hr/visit-assignments,Active
436,"Other / ungrouped","36. Visit assignments & Monthly reports","02. Visit assignments - Summary","36. Visit assignments & Monthly reports",GET,/api/hr/visit-assignments/summary,Active
437,"Other / ungrouped","36. Visit assignments & Monthly reports","03. Visit assignments - Assign screen","36. Visit assignments & Monthly reports",GET,/api/hr/visit-assignments/assign-screen,Active
438,"Other / ungrouped","36. Visit assignments & Monthly reports","04. Visit assignments - Offer to technician (POST)","36. Visit assignments & Monthly reports",POST,/api/hr/visit-assignments/{{visit_id}},Active
439,"Other / ungrouped","36. Visit assignments & Monthly reports","05. Reports - Technician monthly preview (GET)","36. Visit assignments & Monthly reports",GET,/api/hr/reports/technician-monthly,Active
440,"Other / ungrouped","36. Visit assignments & Monthly reports","06. Reports - List my generated (GET)","36. Visit assignments & Monthly reports",GET,/api/hr/reports,Active
441,"Other / ungrouped","36. Visit assignments & Monthly reports","07. Reports - Generate PDF (POST)","36. Visit assignments & Monthly reports",POST,/api/hr/reports/generate,Active
442,"Other / ungrouped","36. Visit assignments & Monthly reports","08. Reports - Download (GET)","36. Visit assignments & Monthly reports",GET,/api/hr/reports/{{hr_report_id}}/download,Active
443,"Other / ungrouped","36. Visit assignments & Monthly reports","09. Reports - Download Public URL (GET)","36. Visit assignments & Monthly reports",GET,/api/hr/reports/{{hr_report_id}}/download-public,Active
444,"Other / ungrouped","36. Visit assignments & Monthly reports","10. Reports - Delete (DELETE)","36. Visit assignments & Monthly reports",DELETE,/api/hr/reports/{{hr_report_id}},Active
445,"Other / ungrouped","37. Support & Live Chat","01. Open live chat","37. Support & Live Chat",GET,/api/vendor/support/chat,Active
446,"Other / ungrouped","37. Support & Live Chat","02. Poll new messages","37. Support & Live Chat",GET,/api/vendor/support/chat/messages,Active
447,"Other / ungrouped","37. Support & Live Chat","03. Send message","37. Support & Live Chat",POST,/api/vendor/support/chat/messages,Active
448,"Other / ungrouped","38. Service Areas & Specializations","01. GET Technician – Service areas","38. Service Areas & Specializations",GET,/api/technician/service-areas,Active
449,"Other / ungrouped","38. Service Areas & Specializations","02. PUT Technician – Service areas","38. Service Areas & Specializations",PUT,/api/technician/service-areas,Active
450,"Other / ungrouped","38. Service Areas & Specializations","03. GET Technician – Specializations","38. Service Areas & Specializations",GET,/api/technician/specializations,Active
451,"Other / ungrouped","38. Service Areas & Specializations","04. POST Technician – Specializations (form-data)","38. Service Areas & Specializations",POST,/api/technician/specializations,Active
452,"Other / ungrouped","39. Profile","01. Profile - Get","39. Profile",GET,/api/supervisor/profile,Active
453,"Other / ungrouped","39. Profile","02. Profile - Update (form-data)","39. Profile",PUT,/api/supervisor/profile,Active
454,"Other / ungrouped","39. Profile","03. Profile - Preferences","39. Profile",GET,/api/supervisor/profile/preferences,Active
455,"Other / ungrouped","40. Help & Support","01. Help Center (GET)","40. Help & Support",GET,/api/area-manager/support/help-center,Active
456,"Other / ungrouped","40. Help & Support","02. FAQs (GET)","40. Help & Support",GET,/api/area-manager/support/faqs,Active
457,"Other / ungrouped","40. Help & Support","03. Submit ticket (POST)","40. Help & Support",POST,/api/area-manager/support/tickets,Active
458,"Other / ungrouped","40. Help & Support","04. List my tickets (GET)","40. Help & Support",GET,/api/area-manager/support/tickets,Active
459,"Other / ungrouped","40. Help & Support","05. Get ticket by ID (GET)","40. Help & Support",GET,/api/area-manager/support/tickets/{{ticket_id}},Active
460,"Other / ungrouped","40. Help & Support","06. Reply to ticket (POST)","40. Help & Support",POST,/api/area-manager/support/tickets/{{ticket_id}}/reply,Active
461,"Other / ungrouped","41. Notifications","01. Notifications - List","41. Notifications",GET,/api/hr/notifications,Active
462,"Other / ungrouped","41. Notifications","02. Notifications - Mark as Read","41. Notifications",POST,/api/hr/notifications/{{notification_id}}/mark-read,Active
463,"Other / ungrouped","41. Notifications","03. Notifications - Mark All as Read","41. Notifications",POST,/api/hr/notifications/mark-all-read,Active
464,"Other / ungrouped","41. Notifications","04. Notifications - Delete","41. Notifications",DELETE,/api/hr/notifications/{{notification_id}},Active
465,"Other / ungrouped","41. Notifications","05. Notifications - Clear All","41. Notifications",POST,/api/hr/notifications/clear-all,Active
466,"Other / ungrouped","42. Add Product – Dropdown options","01. Get categories (id + name)","42. Add Product – Dropdown options",GET,/api/vendor/product-options/categories,Active
467,"Other / ungrouped","42. Add Product – Dropdown options","02. Get all services (id + name)","42. Add Product – Dropdown options",GET,/api/vendor/product-options/services,Active
468,"Other / ungrouped","42. Add Product – Dropdown options","03. List my products by category","42. Add Product – Dropdown options",GET,/api/vendor/products,Active
469,"Other / ungrouped","43. Availability & Schedule","01. GET Technician – Leave types","43. Availability & Schedule",GET,/api/technician/leave-types,Active
470,"Other / ungrouped","43. Availability & Schedule","02. GET Technician – Availability","43. Availability & Schedule",GET,/api/technician/availability,Active
471,"Other / ungrouped","43. Availability & Schedule","03. PUT Technician – Availability update","43. Availability & Schedule",PUT,/api/technician/availability,Active
472,"Other / ungrouped","43. Availability & Schedule","04. GET Technician – Schedule","43. Availability & Schedule",GET,/api/technician/schedule,Active
473,"Other / ungrouped","44. Support Tickets (Chat)","02. Support – FAQs","44. Support Tickets (Chat)",GET,/api/support/faqs,Active
474,"Other / ungrouped","45. Legacy – Team Leaders","01. Team Leaders - List (legacy)","45. Legacy – Team Leaders",GET,/api/area-manager/team-leaders,Active
475,"Other / ungrouped","45. Legacy – Team Leaders","02. Team Leader - Detail (legacy)","45. Legacy – Team Leaders",GET,/api/area-manager/team-leaders/{{team_leader_id}},Active
476,"Other / ungrouped","45. Legacy – Team Leaders","03. Team Leader - Jobs (legacy)","45. Legacy – Team Leaders",GET,/api/area-manager/team-leaders/{{team_leader_id}}/jobs,Active
477,"Other / ungrouped","46. Categories (approved only – read-only)","01. List platform categories","46. Categories (approved only – read-only)",GET,/api/vendor/categories,Active
478,"Other / ungrouped","46. Categories (approved only – read-only)","02. Get platform category","46. Categories (approved only – read-only)",GET,/api/vendor/categories/{{category_id}},Active
479,"Other / ungrouped","46. Categories (approved only – read-only)","03. Create category (blocked)","46. Categories (approved only – read-only)",POST,/api/vendor/categories,Active
480,"Other / ungrouped","47. Payout & Bank","01. GET Technician – Payout summary","47. Payout & Bank",GET,/api/technician/payout-summary,Active
481,"Other / ungrouped","47. Payout & Bank","02. GET Technician – Payout history","47. Payout & Bank",GET,/api/technician/payouts,Active
482,"Other / ungrouped","47. Payout & Bank","03. GET Technician – Payout settings","47. Payout & Bank",GET,/api/technician/settings/payout,Active
483,"Other / ungrouped","47. Payout & Bank","04. PUT Technician – Payout settings","47. Payout & Bank",PUT,/api/technician/settings/payout,Active
484,"Other / ungrouped","47. Payout & Bank","05. GET Technician – Bank accounts","47. Payout & Bank",GET,/api/technician/bank-accounts,Active
485,"Other / ungrouped","47. Payout & Bank","06. POST Technician – Bank account add","47. Payout & Bank",POST,/api/technician/bank-accounts,Active
486,"Other / ungrouped","47. Payout & Bank","07. PUT Technician – Bank account update","47. Payout & Bank",PUT,/api/technician/bank-accounts/{{bank_account_id}},Active
487,"Other / ungrouped","47. Payout & Bank","08. DELETE Technician – Bank account delete","47. Payout & Bank",DELETE,/api/technician/bank-accounts/{{bank_account_id}},Active
488,"Other / ungrouped","48. Notifications","01. Notifications - List","48. Notifications",GET,/api/supervisor/notifications,Active
489,"Other / ungrouped","48. Notifications","02. Notifications - Mark as Read","48. Notifications",POST,/api/supervisor/notifications/{{notification_id}}/mark-read,Active
490,"Other / ungrouped","48. Notifications","03. Notifications - Mark All as Read","48. Notifications",POST,/api/supervisor/notifications/mark-all-read,Active
491,"Other / ungrouped","48. Notifications","04. Notifications - Delete","48. Notifications",DELETE,/api/supervisor/notifications/{{notification_id}},Active
492,"Other / ungrouped","48. Notifications","05. Notifications - Clear All","48. Notifications",POST,/api/supervisor/notifications/clear-all,Active
493,"Other / ungrouped","49. Services (approved only – read-only)","01. List platform services","49. Services (approved only – read-only)",GET,/api/vendor/services,Active
494,"Other / ungrouped","49. Services (approved only – read-only)","02. Get platform service","49. Services (approved only – read-only)",GET,/api/vendor/services/{{service_id}},Active
495,"Other / ungrouped","49. Services (approved only – read-only)","03. Create service (blocked)","49. Services (approved only – read-only)",POST,/api/vendor/services,Active
496,"Other / ungrouped","50. Notifications","01. Notifications - List","50. Notifications",GET,/api/technician/notifications,Active
497,"Other / ungrouped","50. Notifications","02. Notifications - Mark as Read","50. Notifications",POST,/api/technician/notifications/{{notification_id}}/mark-read,Active
498,"Other / ungrouped","50. Notifications","03. Notifications - Mark All as Read","50. Notifications",POST,/api/technician/notifications/mark-all-read,Active
499,"Other / ungrouped","50. Notifications","04. Notifications - Delete","50. Notifications",DELETE,/api/technician/notifications/{{notification_id}},Active
500,"Other / ungrouped","50. Notifications","05. Notifications - Clear All","50. Notifications",POST,/api/technician/notifications/clear-all,Active
501,"Other / ungrouped","51. Products (approved only)","02. Create product (multipart – same as Admin)","51. Products (approved only)",POST,/api/vendor/products,Active
502,"Other / ungrouped","51. Products (approved only)","03. Get product","51. Products (approved only)",GET,/api/vendor/products/{{vendor_product_id}},Active
503,"Other / ungrouped","51. Products (approved only)","04. Update product (multipart – same as Admin)","51. Products (approved only)",POST,/api/vendor/products/{{vendor_product_id}},Active
504,"Other / ungrouped","51. Products (approved only)","05. Delete product","51. Products (approved only)",DELETE,/api/vendor/products/{{vendor_product_id}},Active
505,"Other / ungrouped","52. Support","01. GET Technician – Support help center","52. Support",GET,/api/technician/support/help-center,Active
506,"Other / ungrouped","52. Support","02. GET Technician – Support FAQs","52. Support",GET,/api/technician/support/faqs,Active
507,"Other / ungrouped","52. Support","03. POST Technician – Support submit ticket","52. Support",POST,/api/technician/support/tickets,Active
508,"Other / ungrouped","53. Other Modules","01. List (Public)","53. Other Modules > 02. Exclusive Offers",GET,/api/exclusive-offers,Active
509,"Other / ungrouped","53. Other Modules","02. Get by ID (Public)","53. Other Modules > 02. Exclusive Offers",GET,/api/exclusive-offers/{{offer_id}},Active
510,"Other / ungrouped","53. Other Modules","03. Admin - List","53. Other Modules > 02. Exclusive Offers",GET,/api/admin/exclusive-offers,Active
511,"Other / ungrouped","53. Other Modules","04. Admin - Create","53. Other Modules > 02. Exclusive Offers",POST,/api/admin/exclusive-offers,Active
512,"Other / ungrouped","53. Other Modules","05. Admin - Get","53. Other Modules > 02. Exclusive Offers",GET,/api/admin/exclusive-offers/{{offer_id}},Active
513,"Other / ungrouped","53. Other Modules","06. Admin - Update","53. Other Modules > 02. Exclusive Offers",POST,/api/admin/exclusive-offers/{{offer_id}},Active
514,"Other / ungrouped","53. Other Modules","07. Admin - Delete","53. Other Modules > 02. Exclusive Offers",DELETE,/api/admin/exclusive-offers/{{offer_id}},Active
515,"Other / ungrouped","53. Other Modules","01. List","53. Other Modules > 03. Complaints",GET,/api/auth/complaints,Active
516,"Other / ungrouped","53. Other Modules","02. Complaints - Create","53. Other Modules > 03. Complaints",POST,/api/auth/complaints,Active
517,"Other / ungrouped","53. Other Modules","03. Complaints - Get","53. Other Modules > 03. Complaints",GET,/api/auth/complaints/{{complaint_id}},Active
518,"Other / ungrouped","53. Other Modules","04. Complaints - Update","53. Other Modules > 03. Complaints",PUT,/api/auth/complaints/{{complaint_id}},Active
519,"Other / ungrouped","53. Other Modules","05. Complaints - Delete","53. Other Modules > 03. Complaints",DELETE,/api/auth/complaints/{{complaint_id}},Active
520,"Other / ungrouped","53. Other Modules","01. List","53. Other Modules > 04. Tips",GET,/api/tips,Active
521,"Other / ungrouped","53. Other Modules","02. Tips - Create/Send","53. Other Modules > 04. Tips",POST,/api/tips,Active
522,"Other / ungrouped","53. Other Modules","03. Tips - Get Details","53. Other Modules > 04. Tips",GET,/api/tips/{{tip_id}},Active
523,"Other / ungrouped","53. Other Modules","04. Tips - Update","53. Other Modules > 04. Tips",PUT,/api/tips/{{tip_id}},Active
524,"Other / ungrouped","53. Other Modules","05. Tips - Delete","53. Other Modules > 04. Tips",DELETE,/api/tips/{{tip_id}},Active
525,"Other / ungrouped","53. Other Modules","01. List","53. Other Modules > 05. Notifications",GET,/api/notifications,Active
526,"Other / ungrouped","53. Other Modules","02. Notifications - Mark as Read","53. Other Modules > 05. Notifications",POST,/api/notifications/{{notification_id}}/mark-read,Active
527,"Other / ungrouped","53. Other Modules","03. Notifications - Mark All as Read","53. Other Modules > 05. Notifications",POST,/api/notifications/mark-all-read,Active
528,"Other / ungrouped","53. Other Modules","04. Notifications - Delete","53. Other Modules > 05. Notifications",DELETE,/api/notifications/{{notification_id}},Active
529,"Other / ungrouped","53. Other Modules","05. Notifications - Clear All","53. Other Modules > 05. Notifications",POST,/api/notifications/clear-all,Active
530,"Other / ungrouped","53. Other Modules","01. List","53. Other Modules > 06. Admin - Categories",GET,/api/admin/categories,Active
531,"Other / ungrouped","53. Other Modules","02. Categories - Create","53. Other Modules > 06. Admin - Categories",POST,/api/admin/categories,Active
532,"Other / ungrouped","53. Other Modules","03. Categories - Get","53. Other Modules > 06. Admin - Categories",GET,/api/admin/categories/{{category_id}},Active
533,"Other / ungrouped","53. Other Modules","04. Categories - Update","53. Other Modules > 06. Admin - Categories",POST,/api/admin/categories/{{category_id}},Active
534,"Other / ungrouped","53. Other Modules","05. Categories - Toggle Status","53. Other Modules > 06. Admin - Categories",POST,/api/admin/categories/{{category_id}}/toggle-status,Active
535,"Other / ungrouped","53. Other Modules","06. Categories - Convert to Service","53. Other Modules > 06. Admin - Categories",POST,/api/admin/categories/{{category_id}}/convert-to-service,Active
536,"Other / ungrouped","53. Other Modules","07. Categories - Delete","53. Other Modules > 06. Admin - Categories",DELETE,/api/admin/categories/{{category_id}},Active
537,"Other / ungrouped","53. Other Modules","01. List vendor type","53. Other Modules > 07. Admin - Vendor Types & Emirates > 01. Vendor Types",GET,/api/admin/vendor-types,Active
538,"Other / ungrouped","53. Other Modules","02. Create vendor type","53. Other Modules > 07. Admin - Vendor Types & Emirates > 01. Vendor Types",POST,/api/admin/vendor-types,Active
539,"Other / ungrouped","53. Other Modules","03. Get vendor type","53. Other Modules > 07. Admin - Vendor Types & Emirates > 01. Vendor Types",GET,/api/admin/vendor-types/{{vendor_type_id}},Active
540,"Other / ungrouped","53. Other Modules","04. Update vendor type","53. Other Modules > 07. Admin - Vendor Types & Emirates > 01. Vendor Types",POST,/api/admin/vendor-types/{{vendor_type_id}},Active
541,"Other / ungrouped","53. Other Modules","05. Toggle vendor type status","53. Other Modules > 07. Admin - Vendor Types & Emirates > 01. Vendor Types",POST,/api/admin/vendor-types/{{vendor_type_id}}/toggle-status,Active
542,"Other / ungrouped","53. Other Modules","06. Delete vendor type","53. Other Modules > 07. Admin - Vendor Types & Emirates > 01. Vendor Types",DELETE,/api/admin/vendor-types/{{vendor_type_id}},Active
543,"Other / ungrouped","53. Other Modules","01. List emirate","53. Other Modules > 07. Admin - Vendor Types & Emirates > 02. Emirates",GET,/api/admin/emirates,Active
544,"Other / ungrouped","53. Other Modules","02. Create emirate","53. Other Modules > 07. Admin - Vendor Types & Emirates > 02. Emirates",POST,/api/admin/emirates,Active
545,"Other / ungrouped","53. Other Modules","03. Get emirate","53. Other Modules > 07. Admin - Vendor Types & Emirates > 02. Emirates",GET,/api/admin/emirates/{{emirate_id}},Active
546,"Other / ungrouped","53. Other Modules","04. Update emirate","53. Other Modules > 07. Admin - Vendor Types & Emirates > 02. Emirates",POST,/api/admin/emirates/{{emirate_id}},Active
547,"Other / ungrouped","53. Other Modules","05. Toggle emirate status","53. Other Modules > 07. Admin - Vendor Types & Emirates > 02. Emirates",POST,/api/admin/emirates/{{emirate_id}}/toggle-status,Active
548,"Other / ungrouped","53. Other Modules","06. Delete emirate","53. Other Modules > 07. Admin - Vendor Types & Emirates > 02. Emirates",DELETE,/api/admin/emirates/{{emirate_id}},Active
549,"Other / ungrouped","53. Other Modules","01. Services - List","53. Other Modules > 08. Admin - Services",GET,/api/admin/services,Active
550,"Other / ungrouped","53. Other Modules","02. Services - Create","53. Other Modules > 08. Admin - Services",POST,/api/admin/services,Active
551,"Other / ungrouped","53. Other Modules","03. Services - Get","53. Other Modules > 08. Admin - Services",GET,/api/admin/services/{{service_id}},Active
552,"Other / ungrouped","53. Other Modules","04. Services - Update","53. Other Modules > 08. Admin - Services",POST,/api/admin/services/{{service_id}},Active
553,"Other / ungrouped","53. Other Modules","05. Services - Toggle Status","53. Other Modules > 08. Admin - Services",POST,/api/admin/services/{{service_id}}/toggle-status,Active
554,"Other / ungrouped","53. Other Modules","06. Services - Convert to Category","53. Other Modules > 08. Admin - Services",POST,/api/admin/services/{{service_id}}/convert-to-category,Active
555,"Other / ungrouped","53. Other Modules","07. Services - Delete","53. Other Modules > 08. Admin - Services",DELETE,/api/admin/services/{{service_id}},Active
556,"Other / ungrouped","53. Other Modules","01. Areas - Get All","53. Other Modules > 09. Admin - Areas (Zones)",GET,/api/admin/areas,Active
557,"Other / ungrouped","53. Other Modules","02. Operational Areas - Dashboard (App UI)","53. Other Modules > 09. Admin - Areas (Zones)",GET,/api/admin/operational-areas,Active
558,"Other / ungrouped","53. Other Modules","03. Operational Areas - Toggle Active","53. Other Modules > 09. Admin - Areas (Zones)",POST,/api/admin/operational-areas/{{area_id}}/toggle-active,Active
559,"Other / ungrouped","53. Other Modules","04. All Technicians (Admin)","53. Other Modules > 09. Admin - Areas (Zones)",GET,/api/admin/technicians,Active
560,"Other / ungrouped","53. Other Modules","05. Technicians for Zones (list)","53. Other Modules > 09. Admin - Areas (Zones)",GET,/api/admin/technicians-for-zones,Active
561,"Other / ungrouped","53. Other Modules","06. Supervisors for Zones (list)","53. Other Modules > 09. Admin - Areas (Zones)",GET,/api/admin/supervisors-for-zones,Active
562,"Other / ungrouped","53. Other Modules","07. All Supervisors (Admin)","53. Other Modules > 09. Admin - Areas (Zones)",GET,/api/admin/supervisors,Active
563,"Other / ungrouped","53. Other Modules","08. Supervisor Team (get)","53. Other Modules > 09. Admin - Areas (Zones)",GET,/api/admin/supervisors/{{supervisor_id}}/team,Active
564,"Other / ungrouped","53. Other Modules","09. Supervisor Team - Add member","53. Other Modules > 09. Admin - Areas (Zones)",POST,/api/admin/supervisors/{{supervisor_id}}/team,Active
565,"Other / ungrouped","53. Other Modules","10. Supervisor Team - Remove member","53. Other Modules > 09. Admin - Areas (Zones)",DELETE,/api/admin/supervisors/{{supervisor_id}}/team,Active
566,"Other / ungrouped","53. Other Modules","11. Areas - Create","53. Other Modules > 09. Admin - Areas (Zones)",POST,/api/admin/areas,Active
567,"Other / ungrouped","53. Other Modules","12. Areas - Consolidate Duplicates","53. Other Modules > 09. Admin - Areas (Zones)",POST,/api/admin/areas/consolidate-duplicates,Active
568,"Other / ungrouped","53. Other Modules","13. Areas - Remove One Supervisor","53. Other Modules > 09. Admin - Areas (Zones)",DELETE,/api/admin/areas/{{area_id}}/supervisors/{{supervisor_id}},Active
569,"Other / ungrouped","53. Other Modules","14. Areas - Get","53. Other Modules > 09. Admin - Areas (Zones)",GET,/api/admin/areas/{{area_id}},Active
570,"Other / ungrouped","53. Other Modules","15. Areas - Update","53. Other Modules > 09. Admin - Areas (Zones)",POST,/api/admin/areas/{{area_id}},Active
571,"Other / ungrouped","53. Other Modules","16. Areas - Delete","53. Other Modules > 09. Admin - Areas (Zones)",DELETE,/api/admin/areas/{{area_id}},Active
572,"Other / ungrouped","53. Other Modules","01. Tech - Get Assigned Visits (Auth)","53. Other Modules > 10. Alternative Routes - Technician (under /api/auth/tech)",GET,/api/auth/tech/visits,Active
573,"Other / ungrouped","53. Other Modules","02. Tech - Accept Visit (Auth)","53. Other Modules > 10. Alternative Routes - Technician (under /api/auth/tech)",POST,/api/auth/tech/visits/{{visit_id}}/accept,Active
574,"Other / ungrouped","53. Other Modules","03. Tech - Start Visit (Auth)","53. Other Modules > 10. Alternative Routes - Technician (under /api/auth/tech)",POST,/api/auth/tech/visits/{{visit_id}}/start,Active
575,"Other / ungrouped","53. Other Modules","04. Tech - Complete Visit (Auth)","53. Other Modules > 10. Alternative Routes - Technician (under /api/auth/tech)",POST,/api/auth/tech/visits/{{visit_id}}/complete,Active
576,"Other / ungrouped","53. Other Modules","01. Supervisor - List Visits (Auth)","53. Other Modules > 11. Alternative Routes - Supervisor (under /api/auth/supervisor)",GET,/api/auth/supervisor/visits,Active
577,"Other / ungrouped","53. Other Modules","02. Supervisor - Review Visit (Auth)","53. Other Modules > 11. Alternative Routes - Supervisor (under /api/auth/supervisor)",GET,/api/auth/supervisor/visits/{{visit_id}},Active
578,"Other / ungrouped","53. Other Modules","03. Supervisor - Recommend Products (Auth)","53. Other Modules > 11. Alternative Routes - Supervisor (under /api/auth/supervisor)",POST,/api/auth/supervisor/visits/{{visit_id}}/recommend,Active
579,"Other / ungrouped","53. Other Modules","04. Supervisor - Finalize Report (Auth)","53. Other Modules > 11. Alternative Routes - Supervisor (under /api/auth/supervisor)",POST,/api/auth/supervisor/visits/{{visit_id}}/finalize,Active
580,"Other / ungrouped","53. Other Modules","05. Supervisor - Update Visit Status (Auth)","53. Other Modules > 11. Alternative Routes - Supervisor (under /api/auth/supervisor)",POST,/api/auth/supervisor/visits/{{visit_id}}/status,Active
581,"Other / ungrouped","53. Other Modules","06. Supervisor - List Areas (Auth)","53. Other Modules > 11. Alternative Routes - Supervisor (under /api/auth/supervisor)",GET,/api/auth/supervisor/areas,Active
582,"Other / ungrouped","53. Other Modules","07. Supervisor - List Complaints (Auth)","53. Other Modules > 11. Alternative Routes - Supervisor (under /api/auth/supervisor)",GET,/api/auth/supervisor/complaints,Active
583,"Other / ungrouped","53. Other Modules","08. Supervisor - Escalate Complaint (Auth)","53. Other Modules > 11. Alternative Routes - Supervisor (under /api/auth/supervisor)",POST,/api/auth/supervisor/complaints/{{complaint_id}}/escalate,Active
584,"Other / ungrouped","53. Other Modules","01. List (paginated)","53. Other Modules > 12. Services (Public)",GET,/api/services,Active
585,"Other / ungrouped","53. Other Modules","02. Get single service (category)","53. Other Modules > 12. Services (Public)",GET,/api/services/{{service_id}},Active
586,"Other / ungrouped","53. Other Modules","03. Get all products of services","53. Other Modules > 12. Services (Public)",GET,/api/services/products,Active
587,"Other / ungrouped","53. Other Modules","04. Get products by service","53. Other Modules > 12. Services (Public)",GET,/api/services/{{service_id}}/products,Active
588,"Other / ungrouped","53. Other Modules","05. Get Categories","53. Other Modules > 12. Services (Public)",GET,/api/services/categories,Active
589,"Other / ungrouped","53. Other Modules","06. Get by Category (category + products)","53. Other Modules > 12. Services (Public)",GET,/api/services/category/{{category_id}},Active
590,"Other / ungrouped","53. Other Modules","02. User Profile - Update","53. Other Modules > 13. User Profile",PUT,/api/user/profile,Active
591,"Other / ungrouped","53. Other Modules","03. Update","53. Other Modules > 14. User Addresses",POST,/api/user/addresses/{{address_id}},Active
592,"Other / ungrouped","53. Other Modules","02. Mark as Read","53. Other Modules > 16. User Notifications",POST,/api/user/notifications/{{notification_id}}/read,Active
593,"Other / ungrouped","53. Other Modules","03. Mark All as Read","53. Other Modules > 16. User Notifications",POST,/api/user/notifications/read-all,Active
594,"Other / ungrouped","53. Other Modules","01. Get Preferred Language","53. Other Modules > 17. Language APIs (All Dashboards)",GET,/api/user/language,Active
595,"Other / ungrouped","53. Other Modules","02. Update Preferred Language","53. Other Modules > 17. Language APIs (All Dashboards)",POST,/api/user/language,Active
596,"Other / ungrouped","53. Other Modules","01. List localized articles","53. Other Modules > 18. Localized articles (multilingual demo)",GET,/api/localized-articles,Active
597,"Other / ungrouped","53. Other Modules","02. Get localized article (welcome-guide)","53. Other Modules > 18. Localized articles (multilingual demo)",GET,/api/localized-articles/welcome-guide,Active
598,"Other / ungrouped","54. Inventory (approved only)","01. Get inventory","54. Inventory (approved only)",GET,/api/vendor/inventory/{{vendor_product_id}},Active
599,"Other / ungrouped","54. Inventory (approved only)","02. Update inventory","54. Inventory (approved only)",POST,/api/vendor/inventory/{{vendor_product_id}},Active
600,"Other / ungrouped","55. Orders (approved only)","01. List orders","55. Orders (approved only)",GET,/api/vendor/orders,Active
601,"Other / ungrouped","55. Orders (approved only)","02. Order details","55. Orders (approved only)",GET,/api/vendor/orders/{{vendor_order_mapping_id}},Active
602,"Other / ungrouped","55. Orders (approved only)","03. Track order","55. Orders (approved only)",GET,/api/vendor/orders/{{vendor_order_id}}/track,Active
603,"Other / ungrouped","55. Orders (approved only)","04. Contact customer","55. Orders (approved only)",GET,/api/vendor/orders/{{vendor_order_mapping_id}}/contact,Active
604,"Other / ungrouped","55. Orders (approved only)","05. Print invoice (PDF)","55. Orders (approved only)",GET,/api/vendor/orders/{{vendor_order_mapping_id}}/invoice,Active
605,"Other / ungrouped","55. Orders (approved only)","06. Download order (PDF)","55. Orders (approved only)",GET,/api/vendor/orders/{{vendor_order_mapping_id}}/download,Active
606,"Other / ungrouped","55. Orders (approved only)","07. Update order status","55. Orders (approved only)",POST,/api/vendor/orders/{{vendor_order_mapping_id}}/status,Active
607,"Other / ungrouped","55. Orders (approved only)","08. Confirm delivery (OTP)","55. Orders (approved only)",POST,/api/vendor/orders/{{vendor_order_mapping_id}}/confirm-delivery,Active
608,"Other / ungrouped","55. Orders (approved only)","09. Resend delivery OTP","55. Orders (approved only)",POST,/api/vendor/orders/{{vendor_order_mapping_id}}/resend-delivery-otp,Active
609,"Other / ungrouped","56. Compare vendors & prices (public)","02. Compare vendors – lowest price","56. Compare vendors & prices (public)",GET,/api/shop/products/{{product_id}}/compare-vendors,Active
610,"Other / ungrouped","56. Compare vendors & prices (public)","05. Compare by product id (vendor route alias)","56. Compare vendors & prices (public)",GET,/api/vendor/compare/products/{{product_id}},Active
611,"Other / ungrouped","56. Compare vendors & prices (public)","06. Compare multiple product ids (vendor route)","56. Compare vendors & prices (public)",POST,/api/vendor/compare/products,Active
612,"Other / ungrouped","57. Admin – Vendor Management","01. Vendor management (mobile dashboard)","57. Admin – Vendor Management > 01. Vendor Management (Mobile)",GET,/api/admin/vendors/management,Active
613,"Other / ungrouped","57. Admin – Vendor Management","02. Vendor management detail (mobile)","57. Admin – Vendor Management > 01. Vendor Management (Mobile)",GET,/api/admin/vendors/{{vendor_id}}/management,Active
614,"Other / ungrouped","57. Admin – Vendor Management","03. Create vendor product (admin)","57. Admin – Vendor Management > 01. Vendor Management (Mobile)",POST,/api/admin/vendors/{{vendor_id}}/products,Active
615,"Other / ungrouped","57. Admin – Vendor Management","04. Show vendor product (admin)","57. Admin – Vendor Management > 01. Vendor Management (Mobile)",GET,/api/admin/vendors/{{vendor_id}}/products/{{vendor_product_id}},Active
616,"Other / ungrouped","57. Admin – Vendor Management","05. Update vendor product (admin)","57. Admin – Vendor Management > 01. Vendor Management (Mobile)",POST,/api/admin/vendors/{{vendor_id}}/products/{{vendor_product_id}},Active
617,"Other / ungrouped","57. Admin – Vendor Management","06. Toggle vendor product (enable/disable)","57. Admin – Vendor Management > 01. Vendor Management (Mobile)",POST,/api/admin/vendors/{{vendor_id}}/products/{{vendor_product_id}}/toggle,Active
618,"Other / ungrouped","57. Admin – Vendor Management","07. Delete vendor product","57. Admin – Vendor Management > 01. Vendor Management (Mobile)",DELETE,/api/admin/vendors/{{vendor_id}}/products/{{vendor_product_id}},Active
619,"Other / ungrouped","57. Admin – Vendor Management","08. Update vendor account status (suspend / reactivate)","57. Admin – Vendor Management > 01. Vendor Management (Mobile)",POST,/api/admin/vendors/{{vendor_id}}/account-status,Active
620,"Other / ungrouped","57. Admin – Vendor Management","01. Vendor stats","57. Admin – Vendor Management > 02. Vendor Approval & Actions",GET,/api/admin/vendors/stats,Active
621,"Other / ungrouped","57. Admin – Vendor Management","02. Recent vendor requests (mobile home)","57. Admin – Vendor Management > 02. Vendor Approval & Actions",GET,/api/admin/vendors/recent-requests,Active
622,"Other / ungrouped","57. Admin – Vendor Management","03. List vendors (View All)","57. Admin – Vendor Management > 02. Vendor Approval & Actions",GET,/api/admin/vendors,Active
623,"Other / ungrouped","57. Admin – Vendor Management","04. Vendor application detail (tap card)","57. Admin – Vendor Management > 02. Vendor Approval & Actions",GET,/api/admin/vendors/{{vendor_id}}/application-detail,Active
624,"Other / ungrouped","57. Admin – Vendor Management","05. Vendor details (full + stats)","57. Admin – Vendor Management > 02. Vendor Approval & Actions",GET,/api/admin/vendors/{{vendor_id}},Active
625,"Other / ungrouped","57. Admin – Vendor Management","06. Vendor analytics","57. Admin – Vendor Management > 02. Vendor Approval & Actions",GET,/api/admin/vendors/{{vendor_id}}/analytics,Active
626,"Other / ungrouped","57. Admin – Vendor Management","07. Vendor products","57. Admin – Vendor Management > 02. Vendor Approval & Actions",GET,/api/admin/vendors/{{vendor_id}}/products,Active
627,"Other / ungrouped","57. Admin – Vendor Management","08. Vendor orders","57. Admin – Vendor Management > 02. Vendor Approval & Actions",GET,/api/admin/vendors/{{vendor_id}}/orders,Active
628,"Other / ungrouped","57. Admin – Vendor Management","09. Create vendor (admin form-data)","57. Admin – Vendor Management > 02. Vendor Approval & Actions",POST,/api/admin/vendors,Active
629,"Other / ungrouped","57. Admin – Vendor Management","10. Update vendor (full form-data)","57. Admin – Vendor Management > 02. Vendor Approval & Actions",POST,/api/admin/vendors/{{vendor_id}},Active
630,"Other / ungrouped","57. Admin – Vendor Management","11. Approve vendor","57. Admin – Vendor Management > 02. Vendor Approval & Actions",POST,/api/admin/vendors/{{vendor_id}}/approve,Active
631,"Other / ungrouped","57. Admin – Vendor Management","12. Reject vendor (Cancel button)","57. Admin – Vendor Management > 02. Vendor Approval & Actions",POST,/api/admin/vendors/{{vendor_id}}/reject,Active
632,"Other / ungrouped","57. Admin – Vendor Management","13. Mark under review","57. Admin – Vendor Management > 02. Vendor Approval & Actions",POST,/api/admin/vendors/{{vendor_id}}/under-review,Active
633,"Other / ungrouped","57. Admin – Vendor Management","14. Disable vendor","57. Admin – Vendor Management > 02. Vendor Approval & Actions",POST,/api/admin/vendors/{{vendor_id}}/disable,Active
634,"Other / ungrouped","57. Admin – Vendor Management","15. Delete vendor (permanent)","57. Admin – Vendor Management > 02. Vendor Approval & Actions",DELETE,/api/admin/vendors/{{vendor_id}},Active
635,"Other / ungrouped","58. Admin – Marketplace","01. Analytics overview","58. Admin – Marketplace",GET,/api/admin/marketplace/analytics,Active
636,"Other / ungrouped","58. Admin – Marketplace","02. Settings (GET)","58. Admin – Marketplace",GET,/api/admin/marketplace/settings,Active
637,"Other / ungrouped","58. Admin – Marketplace","03. Settings (PUT)","58. Admin – Marketplace",PUT,/api/admin/marketplace/settings,Active
638,"Other / ungrouped","58. Admin – Marketplace","04. List vendor products","58. Admin – Marketplace",GET,/api/admin/marketplace/products,Active
639,"Other / ungrouped","58. Admin – Marketplace","05. Approve product","58. Admin – Marketplace",POST,/api/admin/marketplace/products/{{vendor_product_id}}/approve,Active
640,"Other / ungrouped","58. Admin – Marketplace","06. Reject product","58. Admin – Marketplace",POST,/api/admin/marketplace/products/{{vendor_product_id}}/reject,Active
641,"Other / ungrouped","58. Admin – Marketplace","07. List vendor orders","58. Admin – Marketplace",GET,/api/admin/marketplace/orders,Active
642,"Other / ungrouped","58. Admin – Marketplace","08. Verify vendor document","58. Admin – Marketplace",POST,/api/admin/marketplace/documents/{{vendor_document_id}}/verify,Active
643,"Other / ungrouped","59. Vendor Store (client public)","01. Get vendor store (vendor + products)","59. Vendor Store (client public)",GET,/api/shop/vendors/{{vendor_id}},Active
644,"Other / ungrouped","60. Legal & Contact","01. Contact Us","60. Legal & Contact",GET,/api/vendor/contact-us,Active
645,"Other / ungrouped","60. Legal & Contact","02. Terms & Conditions","60. Legal & Contact",GET,/api/vendor/terms-and-conditions,Active
646,"Other / ungrouped","60. Legal & Contact","03. Privacy Policy","60. Legal & Contact",GET,/api/vendor/privacy-policy,Active
647,"Other / ungrouped","61. Notifications","03. Notifications - Mark All as Read","61. Notifications",POST,/api/vendor/notifications/mark-all-read,Active
648,"Other / ungrouped","61. Notifications","04. Notifications - Delete","61. Notifications",DELETE,/api/vendor/notifications/{{notification_id}},Active
